n_estimators,max_depth,learning_rate,gamma,min_child_weight,subsample,scale_pos_weight,reg_alpha,colsample_bytree,seed,mse,net_mse
500,2,0.05,10.0,8,0.8,1.0,176.48087738446972,0.9919055169163227,1,60961.73163110548,-48.39067249150685
500,2,0.05,10.0,8,1.0,1.0,44.3722372243287,0.9620739497331369,1,60961.86570686449,-48.25659673249902
500,2,0.05,10.0,10,1.0,1.0,17.157439232704025,0.9622934617010855,1,60961.89365919719,-48.22864439980185
500,2,0.05,10.0,1,1.0,1.0,101.93359540059883,0.9412458836913007,1,60963.000453624416,-47.12184997257282
500,2,0.05,0.0,10,1.0,1.0,5.273584956535327,0.9913562473759739,1,60963.0245170582,-47.09778653879039
500,2,0.05,1.0,10,1.0,1.0,76.92972070337584,0.9508181052837155,1,60963.11241747855,-47.00988611843786
500,2,0.05,1.0,1,1.0,1.0,30.765905004564765,0.7972214126458488,1,60963.49361112791,-46.6286924690794
500,2,0.05,10.0,6,1.0,1.0,124.14549077657495,0.9940352872348807,1,60963.99762536796,-46.12467822902545
500,2,0.05,0.0,1,0.8,1.0,30.46567633069721,0.9796969698291564,1,60964.18344146424,-45.93886213274527
500,2,0.05,0.0,8,1.0,1.0,7.857738802330702,0.9872885937404892,1,60964.218179874624,-45.9041237223646
500,2,0.05,10.0,10,0.8,1.0,7.574773256508751,0.9370736009686688,1,60964.5960383533,-45.526265243686794
500,2,0.05,0.0,8,0.8,1.0,17.63732147975955,0.9899603948592901,1,60964.71523643741,-45.4070671595764
500,2,0.05,10.0,1,0.8,1.0,18.52366009197036,0.9662719307045808,1,60964.89144230509,-45.23086129190051
500,2,0.05,0.0,1,1.0,1.0,64.35173571139326,0.9933500558631778,1,60964.98337551741,-45.138928079577454
500,2,0.05,0.0,6,0.8,1.0,135.49386814850013,0.9942514426145889,1,60965.10250360237,-45.01979999461764
500,2,0.05,1.0,8,0.8,1.0,65.06079218605001,0.9069697541807252,1,60965.13630582556,-44.98599777142954
500,2,0.05,0.0,6,1.0,1.0,92.01840150933718,0.8688431985334827,1,60965.1862066127,-44.93609698428918
500,2,0.05,10.0,6,0.8,1.0,37.35480522345285,0.5968157664464843,1,60965.39481816777,-44.72748542921909
500,2,0.05,1.0,10,0.8,1.0,76.52506897822913,0.8751907247214803,1,60965.423501040845,-44.698802556144074
500,2,0.05,1.0,6,0.8,1.0,114.2406770341596,0.9971668716447595,1,60965.61189043671,-44.510413160278404
500,2,0.05,1.0,6,1.0,1.0,26.206189972397436,0.9801938776418767,1,60965.69140950503,-44.43089409195818
500,2,0.05,1.0,1,0.8,1.0,67.45705902439624,0.8956887657250409,1,60965.75815093611,-44.36415266087715
500,2,0.05,1.0,8,1.0,1.0,7.182641191469842,0.9079902105818424,1,60965.95556905646,-44.16673454052943
500,2,0.05,0.0,10,0.8,1.0,9.341853260136553,0.878215724481666,1,60965.99459597621,-44.12770762077707
1000,2,0.05,0.0,1,1.0,1.0,88.03584892864883,0.7295563092887689,1,60968.114691342096,-42.00761225489259
1000,2,0.05,10.0,6,1.0,1.0,56.45925327153351,0.9632414586338479,1,60968.39240997752,-41.72989361947111
1000,2,0.05,0.0,10,1.0,1.0,23.956429911078068,0.7094154074848457,1,60968.48330678037,-41.6389968166186
1000,2,0.05,1.0,1,1.0,1.0,47.68083029695353,0.984400605628111,1,60969.30663621063,-40.815667386355926
1000,2,0.05,10.0,10,1.0,1.0,43.0808611102962,0.8112221175011523,1,60969.631080061816,-40.49122353517305
1000,2,0.05,1.0,6,1.0,1.0,4.450848065558988,0.9937586644736788,1,60969.63115443633,-40.491149160661735
200,2,0.05,10.0,6,1.0,1.0,120.83515477364044,0.8289833485717942,1,60969.8903303261,-40.231973270885646
1000,2,0.05,1.0,10,1.0,1.0,79.0402790999155,0.9614271439212079,1,60970.097461552396,-40.02484204459324
200,2,0.05,0.0,6,1.0,1.0,9.283209319317924,0.852988651227111,1,60970.14989625206,-39.97240734492516
200,2,0.05,10.0,1,1.0,1.0,178.84180525430074,0.9266613367293836,1,60970.29318707741,-39.82911651957693
1000,2,0.05,1.0,8,1.0,1.0,35.08297551783654,0.992436183566442,1,60970.38088303035,-39.7414205666355
200,2,0.05,1.0,8,1.0,1.0,46.674548837170136,0.9685699985463742,1,60970.39439421998,-39.72790937701211
200,2,0.05,0.0,8,1.0,1.0,18.65338740708117,0.8632155996559123,1,60970.405639551485,-39.71666404550342
200,2,0.05,0.0,1,1.0,1.0,12.819621983013867,0.774413983819258,1,60970.411455890586,-39.710847706403
200,2,0.05,0.0,10,1.0,1.0,62.417892122818905,0.9280571058838936,1,60970.427566017715,-39.69473757927335
1000,2,0.05,10.0,8,1.0,1.0,49.31532039144144,0.9959370856126969,1,60970.45039748837,-39.671906108618714
200,2,0.05,1.0,1,1.0,1.0,39.42650452591111,0.9803785705441767,1,60970.5089606726,-39.613342924385506
1000,2,0.05,0.0,6,1.0,1.0,2.3294035087937495,0.9464840870129466,1,60970.51017990232,-39.61212369467103
200,2,0.05,1.0,6,1.0,1.0,71.0170076591422,0.977775453952488,1,60970.589524026116,-39.53277957087266
200,2,0.05,10.0,8,1.0,1.0,19.886107886811278,0.9769793341791755,1,60970.62990452689,-39.492399070099054
1000,2,0.05,1.0,8,0.8,1.0,78.34470611029208,0.9935964111515386,1,60970.69734633146,-39.4249572655317
1000,2,0.05,10.0,1,1.0,1.0,55.60123627492056,0.7653691485701546,1,60970.75025924339,-39.37204435360036
1000,2,0.05,1.0,1,0.8,1.0,78.25304542371623,0.8472802347827982,1,60970.892334268676,-39.22996932831302
200,2,0.05,10.0,10,1.0,1.0,76.3801536492189,0.9264997360908165,1,60970.98443213808,-39.137871458908194
200,2,0.05,1.0,10,1.0,1.0,74.22546333086586,0.919722674534441,1,60971.015315095756,-39.10698850123299
1000,2,0.05,10.0,6,0.8,1.0,10.936715068096053,0.8416481793040341,1,60971.20411690646,-38.918186690527364
1000,2,0.05,1.0,10,0.8,1.0,201.03773963942803,0.9806153199390945,1,60971.247797795295,-38.874505801693886
200,2,0.05,10.0,6,0.8,1.0,60.170105221237925,0.9742379253196837,1,60971.327944901,-38.794358695988194
1000,2,0.05,0.0,8,1.0,1.0,64.42101377517801,0.879266957353876,1,60971.413900788815,-38.70840280817356
200,2,0.05,10.0,1,0.8,1.0,47.343059690870994,0.9040263070293273,1,60971.68167548513,-38.44062811185722
200,2,0.05,10.0,8,0.8,1.0,96.58266310776314,0.8941139679015188,1,60971.714224437186,-38.40807915980258
1000,2,0.05,0.0,8,0.8,1.0,84.74388992003485,0.937310829353712,1,60971.78017963932,-38.34212395767099
200,2,0.05,1.0,6,0.8,1.0,78.76404652371924,0.9043646565264741,1,60971.865852365336,-38.256451231653045
200,2,0.05,0.0,8,0.8,1.0,7.48941855118311,0.8921037155627524,1,60971.87816317073,-38.24414042625722
1000,2,0.05,0.0,10,0.8,1.0,53.76928450063042,0.9431447139123047,1,60972.11218039728,-38.010123199710506
1000,2,0.05,10.0,8,0.8,1.0,45.35801506656647,0.9992742878830344,1,60972.34666569508,-37.77563790191198
200,2,0.05,0.0,6,0.8,1.0,36.25084547267684,0.6869967461685216,1,60972.36919263307,-37.7531109639167
1000,2,0.05,0.0,6,0.8,1.0,36.69938332547393,0.8063462154345578,1,60972.53341881046,-37.58888478652807
1000,2,0.05,1.0,6,0.8,1.0,28.073355510290032,0.9579217995372252,1,60972.686127255176,-37.436176341812825
200,2,0.05,1.0,10,0.8,1.0,33.370153185527414,0.9387441510612788,1,60972.69059243614,-37.431711160847044
1000,2,0.05,10.0,1,0.8,1.0,64.79388487611531,0.9834976895214083,1,60972.89872358951,-37.22358000747772
200,2,0.05,10.0,10,0.8,1.0,61.96604729522671,0.7497061291740089,1,60973.01549142207,-37.10681217491947
200,2,0.05,0.0,10,0.8,1.0,31.684053420200588,0.7228723783807377,1,60973.14601148186,-36.97629211512685
500,2,0.05,10.0,8,0.6,1.0,39.294383427154415,0.8647113189539667,1,60973.431625745325,-36.69067785166408
1000,2,0.05,10.0,10,0.8,1.0,11.970715963913284,0.9377414896366036,1,60973.73778024626,-36.38452335073089
1000,2,0.05,0.0,1,0.8,1.0,117.89123629518667,0.8331292045081052,1,60973.92235610202,-36.19994749496982
500,2,0.05,0.0,6,0.6,1.0,46.26047986066503,0.9907369000968111,1,60973.97848614208,-36.143817454911186
500,2,0.05,10.0,10,0.6,1.0,4.045489264525328,0.9914384832234313,1,60974.53284523977,-35.589458357215335
500,2,0.05,1.0,10,0.6,1.0,24.503635742984578,0.8903450584468863,1,60974.74032235292,-35.38198124407063
200,2,0.05,1.0,8,0.8,1.0,83.65077234826178,0.8832826204520495,1,60974.98623137295,-35.13607222403516
200,2,0.05,1.0,1,0.8,1.0,80.32904073750004,0.8850343236445043,1,60975.15743731327,-34.96486628372077
500,2,0.05,1.0,1,0.6,1.0,45.57366725931636,0.983879673798829,1,60975.257373677996,-34.86492991899286
200,2,0.05,0.0,1,0.8,1.0,60.737913756714065,0.929049918562876,1,60975.32020581063,-34.80209778635617
500,2,0.05,0.0,8,0.6,1.0,177.28431777335726,0.9003397773828998,1,60975.68538788714,-34.43691570984811
500,2,0.05,0.0,10,0.6,1.0,49.35496459339209,0.8696251339421296,1,60975.85680304879,-34.26550054820109
200,2,0.05,1.0,6,0.6,1.0,123.15219255150605,0.9833502620663543,1,60976.03138830223,-34.090915294756996
200,2,0.05,10.0,1,0.6,1.0,10.933985921997834,0.9110496881590343,1,60976.18496623642,-33.93733736057038
200,2,0.05,10.0,10,0.6,1.0,40.24615796900001,0.8955280717852955,1,60976.1886698491,-33.93363374788896
500,2,0.05,1.0,6,0.6,1.0,22.274145398297943,0.9331297335921834,1,60976.39239312273,-33.72991047425603
200,2,0.05,10.0,6,0.6,1.0,25.421629389450327,0.7810894089013449,1,60976.52789581561,-33.5944077813765
500,2,0.05,1.0,8,0.6,1.0,24.945623483863148,0.7917372376436815,1,60976.74105407144,-33.3812495255479
500,2,0.05,10.0,6,0.6,1.0,12.082906512163932,0.8138092245620453,1,60976.79250476644,-33.32979883054941
500,2,0.05,0.0,1,0.6,1.0,79.32917893624261,0.9879545648893925,1,60976.98305907356,-33.139244523430534
200,2,0.05,1.0,8,0.6,1.0,138.0854768080243,0.9169148482070967,1,60977.05529919552,-33.0670044014696
200,2,0.05,1.0,1,0.6,1.0,8.341105765735012,0.9852302453445763,1,60977.0655519121,-33.056751684889605
200,2,0.05,0.0,6,0.6,1.0,52.52872442860351,0.9880976131312108,1,60977.70196167159,-32.420341925397224
500,2,0.05,10.0,1,0.6,1.0,292.76450777026247,0.8643555507000423,1,60977.73474548476,-32.38755811222654
200,2,0.05,10.0,8,0.6,1.0,96.7449128378209,0.925293864927579,1,60978.05760887925,-32.06469471773744
200,2,0.05,0.0,1,0.6,1.0,82.42552657357984,0.9693754096536782,1,60978.746754246145,-31.375549350843357
200,2,0.05,0.0,10,0.6,1.0,97.56947756476156,0.9533917485221539,1,60979.13657658673,-30.985727010258415
200,2,0.05,0.0,8,0.6,1.0,29.496675010149602,0.8992326492189059,1,60979.167153582035,-30.955150014953688
200,2,0.05,1.0,10,0.6,1.0,64.59291978239638,0.9350688625701874,1,60980.17795878471,-29.94434481227654
100,2,0.05,10.0,6,1.0,1.0,14.423429571568553,0.9863186944919765,1,60985.042681287436,-25.079622309553088
100,2,0.05,10.0,1,0.6,1.0,130.78902176810908,0.9167976581698881,1,60985.652498094736,-24.46980550225271
100,2,0.05,0.0,10,1.0,1.0,13.2747273154374,0.9295427670013099,1,60985.8473646454,-24.27493895158841
100,2,0.05,1.0,10,0.8,1.0,9.750906599861944,0.9191959181108861,1,60986.11646875423,-24.005834842755576
100,2,0.05,10.0,10,1.0,1.0,78.33676609494236,0.9448107659437396,1,60986.21947799663,-23.902825600358483
100,2,0.05,10.0,1,1.0,1.0,81.05999886641752,0.9761021058185364,1,60986.222465119026,-23.899838477962476
100,2,0.05,1.0,6,1.0,1.0,10.008463720553427,0.9634920811701747,1,60986.26683346787,-23.855470129121386
500,2,0.05,0.0,1,1.0,1.0,53.61973668399828,0.9184293046155567,0,60986.395181304855,-23.727122292133572
100,2,0.05,1.0,8,0.6,1.0,120.22795979115173,0.7302760168395022,1,60986.67687773585,-23.445425861136755
100,2,0.05,0.0,8,1.0,1.0,33.53210787309828,0.9647450047451224,1,60986.67961374068,-23.442689856310608
100,2,0.05,1.0,1,1.0,1.0,132.0871704125309,0.838269281496743,1,60986.7729265581,-23.349377038888633
1000,2,0.05,1.0,1,0.6,1.0,17.072442536146124,0.8894774410686516,1,60986.86674438824,-23.255559208751947
100,2,0.05,0.0,6,1.0,1.0,9.794629250923768,0.9506998347109156,1,60986.87359397613,-23.24870962085697
100,2,0.05,1.0,10,1.0,1.0,141.88187236104724,0.7669353155301936,1,60986.884705047174,-23.23759854981472
1000,2,0.05,10.0,1,0.6,1.0,141.5826428734004,0.9460854476899081,1,60986.947181553776,-23.17512204321247
100,2,0.05,10.0,6,0.8,1.0,108.2625038972201,0.7217149659967869,1,60986.950591041474,-23.171712555515114
1000,2,0.05,0.0,10,0.6,1.0,255.39604471600447,0.8378692200240937,1,60987.094833380135,-23.027470216853544
100,2,0.05,0.0,6,0.8,1.0,15.23603767413848,0.9180418958747036,1,60987.10502667984,-23.017276917147683
100,2,0.05,1.0,8,0.8,1.0,21.78222733988557,0.8890226899961629,1,60987.13288103489,-22.98942256209557
100,2,0.05,1.0,8,1.0,1.0,14.845097824873097,0.9460425273676033,1,60987.17600305801,-22.946300538977084
100,2,0.05,1.0,6,0.6,1.0,11.668515873552424,0.9019550190963544,1,60987.24997796437,-22.872325632619322
1000,2,0.05,1.0,8,0.6,1.0,25.709204371559224,0.9554045309171515,1,60987.253369986545,-22.86893361044349
100,2,0.05,1.0,10,0.6,1.0,28.723685544648607,0.955327728559053,1,60987.25401419146,-22.86828940553096
100,2,0.05,0.0,1,0.6,1.0,2.728437947646829,0.9698642877833811,1,60987.27988929612,-22.84241430086695
100,2,0.05,0.0,10,0.8,1.0,271.0660210245442,0.961918771813916,1,60987.289213382224,-22.833090214764525
100,2,0.05,10.0,8,1.0,1.0,19.670612578868692,0.9561101742066531,1,60987.32454194146,-22.79776165552903
100,2,0.05,1.0,1,0.6,1.0,100.97610423922431,0.9913738690553462,1,60987.36890241579,-22.753401181202207
100,2,0.05,0.0,1,1.0,1.0,5.985368122729408,0.9090356070163336,1,60987.41596670906,-22.706336887931684
1000,2,0.05,1.0,6,0.6,1.0,40.005557519340215,0.9539343931767146,1,60987.440093412275,-22.682210184713767
750,2,0.05,0.0,1,1.0,1.0,29.348186298637447,0.9431390522776115,0,60987.50731981154,-22.614983785446384
100,2,0.05,0.0,1,0.8,1.0,51.51387091720756,0.9206932284112308,1,60987.51976968062,-22.602533916367975
1000,2,0.05,0.0,1,0.6,1.0,2.6495005034214536,0.7937750201622948,1,60987.61456733069,-22.507736266299617
100,2,0.05,10.0,10,0.6,1.0,13.496890634290319,0.958338601664121,1,60987.63784923189,-22.484454365097918
100,2,0.05,10.0,8,0.6,1.0,51.420710487848964,0.9445634250237647,1,60987.65914889146,-22.46315470553236
100,2,0.05,1.0,1,0.8,1.0,29.06733783904427,0.8831457105965591,1,60987.68206367338,-22.440239923605986
1000,2,0.05,10.0,8,0.6,1.0,0.33925561800957876,0.9093080528855597,1,60987.69112668664,-22.431176910351496
1000,2,0.05,10.0,10,0.6,1.0,25.633264196937255,0.9421486776129331,1,60987.71486849332,-22.40743510366883
1000,2,0.05,10.0,6,0.6,1.0,10.382158593152264,0.8243479226391796,1,60987.90087022694,-22.221433370046725
100,2,0.05,10.0,10,0.8,1.0,40.725142251571306,0.8932298077987567,1,60987.94959536604,-22.172708230951685
100,2,0.05,0.0,8,0.8,1.0,105.70891790453729,0.9580364330121359,1,60988.0601859344,-22.062117662586388
100,2,0.05,0.0,8,0.6,1.0,0.6652188016058185,0.7120574441459785,1,60988.08458813786,-22.037715459126048
1000,2,0.05,0.0,8,0.6,1.0,31.622195799022762,0.9971467391116544,1,60988.11725600507,-22.00504759191972
1000,2,0.01,0.0,1,1.0,1.0,18.40722786010205,0.9731166137841192,0,60988.133857544424,-21.98844605256454
100,2,0.05,10.0,1,0.8,1.0,83.8499851990368,0.7859487154193546,1,60988.22405656243,-21.898247034558153
1000,2,0.05,1.0,10,0.6,1.0,24.425083234688895,0.9175321396322672,1,60988.26086405445,-21.8614395425393
100,2,0.05,10.0,8,0.8,1.0,21.30627896156436,0.9567166578575659,1,60988.34683103926,-21.775472557725152
100,2,0.05,10.0,6,0.6,1.0,64.80444965780747,0.8830990144885459,1,60988.537263988525,-21.585039608464285
100,2,0.05,0.0,6,0.6,1.0,17.006849585807238,0.976735443475557,1,60988.848395328,-21.273908268987725
100,2,0.05,0.0,10,0.6,1.0,67.00694035599561,0.8978793568227466,1,60988.907847413335,-21.214456183653965
100,2,0.05,1.0,6,0.8,1.0,119.49817635988165,0.7551370849165152,1,60989.02754198898,-21.09476160800841
750,2,0.01,0.0,1,1.0,1.0,7.375304243710097,0.7311044833923701,0,60991.48349032104,-18.638813275945722
1000,2,0.05,0.0,1,1.0,1.0,62.654260739089516,0.8626929952350565,0,60992.061837170666,-18.06046642632282
500,2,0.1,0.0,1,1.0,1.0,3.9578725728065396,0.884810522399668,0,60993.174915389514,-16.947388207474432
25,5,0.05,1.0,6,0.8,1.0,57.207172917134145,0.7366249808504957,1,60999.08421957195,-11.038084025036369
1000,2,0.005,0.0,1,1.0,1.0,6.319147852087989,0.9450324994611552,0,60999.29521977372,-10.827083823271096
25,5,0.05,0.0,8,0.8,1.0,92.83297621045783,0.9356254887631608,1,61002.77066325005,-7.351640346940258
25,5,0.05,0.0,10,1.0,1.0,33.532784779914664,0.9968404687656472,1,61003.557162022305,-6.565141574683366
750,2,0.005,0.0,1,1.0,1.0,6.84143679254211,0.9768905278160462,0,61005.18564144884,-4.936662148145842
50,2,0.05,0.0,6,0.6,1.0,118.74147867326784,0.9011866420026073,1,61005.800331132734,-4.321972464254941
1000,1,0.05,1.0,8,1.0,1.0,51.869520246699985,0.8955399562591162,1,61007.0949998953,-3.027303701688652
1000,1,0.05,1.0,10,1.0,1.0,31.379925699469187,0.9189437313956399,1,61007.09982368543,-3.0224799115603673
1000,1,0.05,1.0,6,1.0,1.0,138.9703696144071,0.8828212348699481,1,61007.10074828981,-3.0215553071757313
1000,1,0.05,10.0,8,1.0,1.0,76.43681536459708,0.7928646945811586,1,61007.10084404098,-3.021459556010086
1000,1,0.05,0.0,8,1.0,1.0,86.68984374281818,0.8528936793320272,1,61007.10165246704,-3.0206511299475096
1000,1,0.05,10.0,10,1.0,1.0,28.87055907640892,0.9137783168300132,1,61007.102019352016,-3.020284244972572
1000,1,0.05,0.0,1,1.0,1.0,0.3608009231459578,0.9557528577570457,1,61007.10287191456,-3.019431682427239
1000,1,0.05,1.0,1,1.0,1.0,56.63849709150929,0.9588470480848961,1,61007.104682475605,-3.017621121383854
1000,1,0.05,0.0,6,1.0,1.0,70.39347281979991,0.9632557290655466,1,61007.10542871112,-3.016874885870493
1000,1,0.05,10.0,1,1.0,1.0,34.30952031226016,0.9204072655369245,1,61007.106462767595,-3.01584082939371
1000,1,0.05,10.0,6,1.0,1.0,30.790538730697925,0.963182865306148,1,61007.107528202745,-3.0147753942437703
1000,1,0.05,0.0,10,1.0,1.0,11.014587201811093,0.9037645707942248,1,61007.109070262864,-3.0132333341243793
1000,1,0.05,0.0,8,0.8,1.0,9.081626841855009,0.9859823580496915,1,61007.48296951441,-2.6393340825816267
1000,1,0.05,0.0,1,0.8,1.0,18.349189902433945,0.9173690696813024,1,61007.49930275881,-2.623000838175358
1000,1,0.05,10.0,10,0.8,1.0,37.25618923914967,0.9395041229476044,1,61007.514502270904,-2.607801326084882
1000,1,0.05,1.0,10,0.8,1.0,34.95188352950659,0.766024011971057,1,61007.52972946975,-2.5925741272367304
1000,1,0.05,10.0,8,0.8,1.0,38.932800960148484,0.98034746659574,1,61007.537555655384,-2.5847479416042916
1000,1,0.05,1.0,1,0.8,1.0,8.949530586638287,0.9348489670688162,1,61007.551135682996,-2.571167913993122
1000,1,0.05,1.0,8,0.8,1.0,128.37191957187105,0.9549704724419641,1,61007.563425668384,-2.5588779286044883
1000,1,0.05,0.0,10,0.8,1.0,60.550462346184666,0.8325479808575648,1,61007.577894010756,-2.544409586233087
1000,1,0.05,0.0,6,0.8,1.0,103.88628113945168,0.8959004509825811,1,61007.58594297537,-2.5363606216196786
1000,1,0.05,10.0,1,0.8,1.0,231.766197631846,0.9587047148599287,1,61007.5860940327,-2.5362095642922213
1000,1,0.05,1.0,6,0.8,1.0,110.74697157558593,0.9575280850341055,1,61007.59229182433,-2.5300117726583267
1000,1,0.05,10.0,6,0.8,1.0,32.013682320965025,0.8697079094216933,1,61007.620827589984,-2.501476007004385
50,2,0.05,10.0,8,1.0,1.0,32.446198622897334,0.9671511736940125,1,61007.845544254786,-2.2767593422031496
500,1,0.05,0.0,1,0.8,1.0,1.4105811357460252,0.9987357447052922,1,61008.10370426128,-2.0185993357081315
1000,1,0.05,1.0,6,0.6,1.0,30.689868311137225,0.8936067706957015,1,61008.11583645935,-2.0064671376385377
1000,1,0.05,10.0,6,0.6,1.0,8.912848951650307,0.8162441985221928,1,61008.128758992396,-1.9935446045928984
500,1,0.05,10.0,6,0.8,1.0,113.1503797125471,0.9620762266753483,1,61008.13302639924,-1.98927719774656
500,1,0.05,0.0,10,0.8,1.0,176.80388476329335,0.9535119427576175,1,61008.14895470751,-1.9733488894780749
1000,1,0.05,0.0,6,0.6,1.0,79.84580612270416,0.999998024113485,1,61008.1575941705,-1.9647094264873886
1000,1,0.05,1.0,10,0.6,1.0,4.405363725629662,0.8259126155861718,1,61008.16583302217,-1.956470574819832
50,2,0.05,1.0,6,1.0,1.0,58.85967231846432,0.7244865240572194,1,61008.17581229083,-1.9464913061601692
500,1,0.05,10.0,10,0.8,1.0,51.17140790562641,0.9634617824650955,1,61008.177765632376,-1.9445379646131187
1000,1,0.05,0.0,10,0.6,1.0,7.778326836605285,0.9313528001007109,1,61008.17955275789,-1.942750839101791
500,1,0.05,0.0,6,0.8,1.0,38.199569880164994,0.8966682486280902,1,61008.18002831126,-1.9422752857281012
500,1,0.05,10.0,1,0.8,1.0,13.483844005797938,0.9432474688975983,1,61008.180908184666,-1.9413954123228905
1000,1,0.05,1.0,8,0.6,1.0,74.93859627684503,0.8589360235777969,1,61008.189185209,-1.9331183879912714
1000,1,0.05,0.0,1,0.6,1.0,66.60439623350423,0.8885717921790635,1,61008.19384079185,-1.9284628051391337
1000,1,0.05,0.0,8,0.6,1.0,77.76358988591313,0.969934019713716,1,61008.19717303241,-1.9251305645811954
1000,1,0.05,10.0,8,0.6,1.0,27.26881949073274,0.9076934611807305,1,61008.1982417352,-1.9240618617914151
500,1,0.05,1.0,1,0.8,1.0,0.13622810400327048,0.9617319875603818,1,61008.20123364259,-1.9210699543982628
500,1,0.05,0.0,8,0.8,1.0,26.865144758660065,0.9757508373191031,1,61008.20192765868,-1.9203759383090073
500,1,0.05,1.0,6,0.8,1.0,4.942985902320396,0.9793062336296693,1,61008.202877025935,-1.9194265710539185
500,1,0.05,10.0,10,1.0,1.0,46.22189102324712,0.9295425278634721,1,61008.20548350538,-1.9168200916101341
500,1,0.05,0.0,8,1.0,1.0,27.02785735913161,0.9471152381856983,1,61008.206883002575,-1.9154205944141722
500,1,0.05,1.0,6,1.0,1.0,37.16491465081457,0.9806418938587806,1,61008.21489783607,-1.9074057609177544
500,1,0.05,10.0,1,1.0,1.0,110.02937264354522,0.9960375671679382,1,61008.21603265075,-1.9062709462377825
500,1,0.05,0.0,10,1.0,1.0,2.994735084655656,0.9865274615962355,1,61008.21621067163,-1.9060929253610084
500,1,0.05,0.0,6,1.0,1.0,50.67759801633572,0.9782939079116543,1,61008.21780917626,-1.9044944207271328
500,1,0.05,1.0,10,1.0,1.0,160.43325921103295,0.8843013050256646,1,61008.219245549786,-1.9030580472026486
1000,1,0.05,10.0,1,0.6,1.0,47.259224809135034,0.9119652844966923,1,61008.21941655937,-1.9028870376205305
500,1,0.05,1.0,8,1.0,1.0,175.826290137368,0.9207417044973287,1,61008.21961511869,-1.9026884783015703
500,1,0.05,1.0,1,1.0,1.0,39.961172777767366,0.9032831526236942,1,61008.21966097928,-1.9026426177078974
500,1,0.05,0.0,1,1.0,1.0,35.06952485503681,0.9230614493818315,1,61008.21979967863,-1.9025039183616173
500,1,0.05,10.0,8,1.0,1.0,57.892574989386894,0.9449488574494098,1,61008.22057125509,-1.9017323418956948
500,1,0.05,10.0,8,0.8,1.0,0.5033482217630988,0.9554180509676559,1,61008.2341221417,-1.8881814552878495
500,1,0.05,1.0,8,0.8,1.0,38.578590852806805,0.9072743843457046,1,61008.24840508361,-1.8738985133823007
1000,1,0.05,10.0,10,0.6,1.0,13.451066231677805,0.9405837256997874,1,61008.264024971926,-1.8582786250626668
500,1,0.05,1.0,10,0.8,1.0,12.401373406669125,0.9942417481114606,1,61008.286350449685,-1.8359531473033712
1000,1,0.05,1.0,1,0.6,1.0,17.27959692969095,0.903627098236513,1,61008.303694944596,-1.818608652392868
50,2,0.05,10.0,1,1.0,1.0,69.16287853046556,0.9850862687120887,1,61008.594415953594,-1.5278876433949335
50,2,0.05,0.0,6,1.0,1.0,15.350918668462452,0.7861505330325316,1,61008.62174203129,-1.5005615656991722
500,1,0.05,0.0,1,0.6,1.0,52.201418927524614,0.9335731314609613,1,61008.62364869683,-1.4986549001623644
500,1,0.05,0.0,6,0.6,1.0,2.811751485197492,0.9686603838532796,1,61008.631226587066,-1.491077009923174
50,2,0.05,0.0,10,1.0,1.0,65.00808369046244,0.8847430331984866,1,61008.63435385164,-1.4879497453512158
50,2,0.05,0.0,8,0.8,1.0,29.047964706771435,0.8729246898826062,1,61008.64366670464,-1.4786368923523696
500,1,0.05,10.0,8,0.6,1.0,49.988790578766526,0.8096632260347162,1,61008.64486866399,-1.4774349329964025
500,1,0.05,10.0,1,0.6,1.0,66.35040309839238,0.8591121178295754,1,61008.65984672394,-1.4624568730505416
50,2,0.05,10.0,6,0.8,1.0,112.42503621547087,0.9636128154287448,1,61008.66444789875,-1.457855698237836
500,1,0.05,0.0,10,0.6,1.0,4.300244359764922,0.9251653893197345,1,61008.69761504358,-1.4246885534084868
500,1,0.05,1.0,1,0.6,1.0,16.645875554441073,0.9313666785156921,1,61008.727938473945,-1.3943651230438263
500,1,0.05,10.0,6,0.6,1.0,34.35011810209434,0.9139946977922775,1,61008.73468456192,-1.3876190350711113
500,1,0.05,1.0,10,0.6,1.0,38.76075120762579,0.9342394360266344,1,61008.73737871001,-1.3849248869810253
500,1,0.05,10.0,10,0.6,1.0,18.671404476610522,0.9624113283867581,1,61008.75231262719,-1.3699909697970725
500,1,0.05,0.0,8,0.6,1.0,5.646931675808744,0.9696067363315082,1,61008.75648039437,-1.365823202620959
50,2,0.05,10.0,10,1.0,1.0,14.928299368656054,0.9901478986912563,1,61008.77449681732,-1.347806779667735
500,1,0.05,1.0,6,0.6,1.0,13.422206414125668,0.8632101991794702,1,61008.77834123696,-1.3439623600279447
500,1,0.05,1.0,8,0.6,1.0,136.07129358696167,0.9887954486498169,1,61008.79647155762,-1.3258320393651957
50,2,0.05,0.0,8,1.0,1.0,8.982681683557072,0.9837711526533278,1,61008.84452596699,-1.2777776299990364
50,2,0.05,1.0,1,1.0,1.0,86.50566837804958,0.8166498828241193,1,61008.86694343331,-1.2553601636755047
50,2,0.05,10.0,6,1.0,1.0,124.08311954810341,0.9903479223144825,1,61008.88945043559,-1.2328531613966334
50,2,0.05,0.0,1,1.0,1.0,0.5174615387792539,0.9176912923388909,1,61008.905510578676,-1.216793018313183
50,2,0.05,1.0,10,1.0,1.0,84.8071440122299,0.9690463556011708,1,61009.031807342195,-1.090496254793834
50,2,0.05,1.0,8,1.0,1.0,109.3110857083465,0.9805706470165734,1,61009.03396454527,-1.088339051719231
50,2,0.05,1.0,6,0.6,1.0,36.99348919854998,0.8751426392947969,1,61009.07870861624,-1.0435949807506404
50,2,0.05,10.0,1,0.8,1.0,56.29203537912589,0.9847821561117496,1,61009.324510792954,-0.7977928040345432
50,2,0.05,1.0,6,0.8,1.0,28.55837967977469,0.8505189424662192,1,61009.402575014414,-0.7197285825750441
25,5,0.05,0.0,10,0.6,1.0,17.277976101588475,0.8757028167622283,1,61009.48369401619,-0.6386095807974925
50,2,0.05,0.0,10,0.8,1.0,113.1136461870403,0.9591772146156863,1,61009.63240335041,-0.48990024657541653
50,2,0.05,1.0,8,0.8,1.0,7.921839181396259,0.8143958328507762,1,61009.641776759585,-0.480526837403886
50,2,0.05,10.0,10,0.8,1.0,37.13190655802665,0.9974268157655589,1,61009.69316104629,-0.4291425506962696
50,2,0.05,0.0,1,0.8,1.0,59.579981004753876,0.8468454946574911,1,61009.84620110836,-0.2761024886276573
50,2,0.05,0.0,10,0.6,1.0,43.32004671479496,0.9756273025399188,1,61009.86300485235,-0.2592987446405459
50,2,0.05,0.0,8,0.6,1.0,179.54640225651303,0.7863169990856825,1,61010.35002468636,0.22772108937351732
50,2,0.05,0.0,6,0.8,1.0,146.47978829722757,0.7547114823503771,1,61010.435261450126,0.3129578531370498
50,2,0.05,10.0,10,0.6,1.0,19.004392123905305,0.8431313507221919,1,61010.655018082034,0.5327144850452896
50,2,0.05,10.0,8,0.8,1.0,17.340044700078856,0.9725508317201734,1,61010.74114015071,0.6188365537236677
50,2,0.05,1.0,1,0.6,1.0,9.786784792107449,0.9149046875071615,1,61010.75511828836,0.6328146913729142
50,2,0.05,10.0,1,0.6,1.0,36.2203586866981,0.8886876090663869,1,61010.80603118887,0.6837275918805972
50,2,0.05,1.0,10,0.8,1.0,26.821947984653587,0.9968263424665376,1,61010.833076625415,0.710773028426047
50,2,0.05,10.0,6,0.6,1.0,43.60619867663143,0.8852681817442538,1,61010.91675936177,0.7944557647788315
50,2,0.05,10.0,8,0.6,1.0,86.14619809654361,0.9097779125534626,1,61011.033079596324,0.9107759993348736
50,2,0.05,1.0,8,0.6,1.0,19.067176641155513,0.9352674701101824,1,61011.12983757263,1.0075339756440371
50,2,0.05,1.0,10,0.6,1.0,37.455638402425,0.9092964373158424,1,61011.41147926886,1.2891756718745455
50,2,0.05,0.0,1,0.6,1.0,29.950410231736484,0.9474742964886741,1,61011.6039412592,1.481637662211142
50,2,0.05,1.0,1,0.8,1.0,69.69878883349352,0.9671106804244529,1,61011.65492235239,1.532618755401927
40,2,0.05,1.0,10,0.6,1.0,2.927259967045587,0.9952784094687462,1,61011.95417790473,1.8318743077397812
25,5,0.05,10.0,8,1.0,1.0,2.822555585795718,0.9120613402702499,1,61012.00447779341,1.8821741964202374
750,1,0.1,0.0,1,1.0,1.0,139.8740949344766,0.9583216718746314,0,61012.233373036914,2.111069439924904
1000,1,0.1,0.0,1,1.0,1.0,8.262872404960465,0.8434416621708539,0,61012.255463201924,2.1331596049349173
1000,1,0.05,0.0,1,1.0,1.0,139.96914115948314,0.9922181712585927,0,61012.2960246785,2.173721081511758
500,1,0.1,0.0,1,1.0,1.0,74.41142284429165,0.9379697729162396,0,61012.29987491572,2.17757131873077
500,1,0.3,0.0,1,1.0,1.0,68.78240082157411,0.7891174579832863,0,61012.53545579921,2.4131522022216814
750,1,0.05,0.0,1,1.0,1.0,110.43577495108316,0.8936749877122712,0,61012.706828666815,2.5845250698257587
40,2,0.05,10.0,1,0.6,1.0,84.02946997893994,0.8264258759019936,1,61012.781085288334,2.6587816913452116
500,3,0.01,0.0,1,1.0,1.0,12.082245640237042,0.9791847916258835,0,61012.8203344565,2.6980308595084352
750,1,0.3,0.0,1,1.0,1.0,41.02158842193099,0.9462626808117178,0,61012.87657924981,2.75427565282007
1000,1,0.3,0.0,1,1.0,1.0,16.96107204243606,0.9677085042026818,0,61013.051736524016,2.9294329270269373
750,3,0.01,0.0,1,1.0,1.0,22.421878333508232,0.692696774425422,0,61013.287114828956,3.164811231967178
500,3,0.005,0.0,1,1.0,1.0,2.945140876850328,0.7574566313460883,0,61013.48723592336,3.364932326374401
25,5,0.05,1.0,10,1.0,1.0,68.95480175668439,0.8690335478374199,1,61013.551950635585,3.4296470385961584
1000,3,0.005,0.0,1,1.0,1.0,13.407745644559874,0.927245279066908,0,61013.78708226531,3.6647786683242884
40,5,0.05,1.0,8,1.0,1.0,23.535710734001082,0.8767451389995787,1,61013.80659610563,3.684292508638464
200,1,0.05,1.0,1,0.6,1.0,7.5808889718031915,0.960079811974089,1,61013.944701187545,3.8223975905566476
500,1,0.05,0.0,1,1.0,1.0,210.87649967201068,0.8214430809441681,0,61013.95344816207,3.8311445650833775
200,1,0.05,10.0,10,0.6,1.0,31.82524955113708,0.8844758643878615,1,61013.96093342056,3.8386298235709546
200,1,0.05,1.0,10,0.6,1.0,79.59953988123381,0.897281402904453,1,61014.01116972844,3.8888661314485944
200,1,0.05,1.0,6,0.6,1.0,75.69388075796633,0.8536138707575895,1,61014.01685851639,3.894554919403163
200,1,0.05,10.0,8,0.6,1.0,135.00354635432132,0.8645237415967238,1,61014.07065504873,3.9483514517414733
200,1,0.05,10.0,6,0.6,1.0,62.00105183527504,0.8934916280820967,1,61014.074864030976,3.952560433986946
200,1,0.05,0.0,10,0.6,1.0,54.876051441203735,0.8653814706203371,1,61014.08086438629,3.9585607893022825
200,1,0.05,0.0,8,0.6,1.0,91.05177421252507,0.9821967006288774,1,61014.08432446759,3.9620208706037374
200,1,0.05,0.0,1,0.6,1.0,31.62737206905748,0.9593854160546925,1,61014.09816170003,3.975858103040082
25,5,0.05,1.0,8,0.8,1.0,35.66589958322132,0.8868770851676185,1,61014.10429071665,3.981987119659607
200,1,0.05,10.0,1,0.6,1.0,38.48645725986919,0.9243763003263019,1,61014.14450904382,4.022205446832231
200,1,0.05,1.0,8,0.6,1.0,1.0080386858771175,0.6002526451876891,1,61014.147671777864,4.025368180875375
200,1,0.05,0.0,6,0.6,1.0,4.482446522004497,0.9388486057439446,1,61014.15360463314,4.031301036149671
200,1,0.05,10.0,8,0.8,1.0,77.20921606274489,0.5185922257651051,1,61014.167058739586,4.044755142596841
200,1,0.05,1.0,8,0.8,1.0,48.82609586989218,0.98466828170048,1,61014.199224356526,4.076920759536733
200,1,0.05,10.0,1,0.8,1.0,20.424585008628863,0.9508991484840351,1,61014.24264479063,4.120341193643981
200,1,0.05,1.0,10,0.8,1.0,4.370633146521814,0.8910902438609327,1,61014.24499349362,4.122689896634256
200,1,0.05,0.0,6,0.8,1.0,4.503386549351529,0.9867400558386827,1,61014.24791578084,4.125612183852354
200,1,0.05,1.0,6,0.8,1.0,133.12092598535304,0.8347311310470982,1,61014.257098752096,4.1347951551069855
200,1,0.05,0.0,8,0.8,1.0,43.59159863414428,0.8751648190935873,1,61014.29047148325,4.168167886258743
200,1,0.05,10.0,6,0.8,1.0,86.19448456296331,0.8554959188419474,1,61014.30593514764,4.183631550651626
200,1,0.05,10.0,10,0.8,1.0,57.7098993804657,0.8835290331303531,1,61014.314345403334,4.1920418063455145
200,1,0.05,1.0,1,0.8,1.0,48.2097267276531,0.7529472959405571,1,61014.31718547753,4.194881880539469
200,1,0.05,0.0,1,0.8,1.0,12.201342666095735,0.9644005536285666,1,61014.33012758744,4.207823990451288
200,1,0.05,0.0,10,0.8,1.0,39.81435972583459,0.826080002930339,1,61014.37215236079,4.249848763800401
40,2,0.05,10.0,6,0.6,1.0,14.476728542849413,0.9589103908837473,1,61014.84091033393,4.7186067369402735
40,2,0.05,0.0,1,0.6,1.0,16.759384584421255,0.9505614592646008,1,61014.850770044846,4.7284664478575
1000,2,0.1,0.0,1,1.0,1.0,43.509485369620506,0.974373444670375,0,61014.86531398313,4.743010386140668
40,2,0.05,0.0,6,0.6,1.0,7.240777745014293,0.9685077084303327,1,61015.02232421211,4.900020615117683
40,2,0.05,10.0,10,0.6,1.0,1.0895829224047004,0.9216181335979963,1,61015.07174212265,4.949438525662117
40,2,0.05,1.0,1,0.6,1.0,39.26017906461329,0.9879535805523303,1,61015.15702617137,5.034722574382613
200,1,0.05,1.0,6,1.0,1.0,66.73432888691103,0.9348942068851885,1,61015.311857117515,5.189553520525806
200,1,0.05,1.0,1,1.0,1.0,7.346971488280474,0.881211419322372,1,61015.31846297572,5.196159378734592
200,1,0.05,10.0,8,1.0,1.0,37.152884680516685,0.9795999399212099,1,61015.33099814339,5.2086945464034216
200,1,0.05,0.0,6,1.0,1.0,8.285085934873596,0.9837559191288742,1,61015.33142260555,5.209119008562993
200,1,0.05,0.0,1,1.0,1.0,142.0923408827808,0.7176949290570491,1,61015.331525764195,5.2092221672064625
200,1,0.05,0.0,8,1.0,1.0,190.4099195840376,0.9964287398842882,1,61015.33726876815,5.214965171158838
200,1,0.05,10.0,6,1.0,1.0,9.327579935783298,0.8380085346979743,1,61015.34369148411,5.221387887118908
200,1,0.05,0.0,10,1.0,1.0,104.53049435125735,0.9807675174069491,1,61015.3473723594,5.225068762410956
200,1,0.05,1.0,10,1.0,1.0,30.308083403151908,0.9987130872394588,1,61015.34805507953,5.225751482539636
200,1,0.05,10.0,10,1.0,1.0,43.15977615665311,0.9082020402154759,1,61015.34908402132,5.226780424331082
200,1,0.05,1.0,8,1.0,1.0,177.80518454041228,0.9661589071229393,1,61015.36022479319,5.237921196203388
200,1,0.05,10.0,1,1.0,1.0,205.05400788647253,0.9502493950133234,1,61015.36341771483,5.241114117838151
750,3,0.005,0.0,1,1.0,1.0,29.64747292185015,0.9815493513871727,0,61015.586216948504,5.463913351515657
500,2,0.005,0.0,1,1.0,1.0,49.57501735022819,0.9906438379981632,0,61015.74722955,5.624925953008642
40,2,0.05,0.0,8,1.0,1.0,36.909292542006,0.7178444319356193,1,61015.79200643915,5.6697028421622235
40,2,0.05,0.0,10,0.6,1.0,22.19265731634559,0.9232658587310788,1,61015.85890774806,5.7366041510686046
40,2,0.05,10.0,8,0.6,1.0,70.94067488293891,0.9275666122193074,1,61015.86130487554,5.739001278554497
40,2,0.05,0.0,8,0.6,1.0,146.83731967784334,0.8808693571211322,1,61015.99460393439,5.872300337403431
40,2,0.05,1.0,10,0.8,1.0,45.798960492239374,0.9137477408362943,1,61016.10922650273,5.986922905743995
40,2,0.05,1.0,8,1.0,1.0,13.974567084194403,0.9455732907258594,1,61016.15295324957,6.030649652580905
40,2,0.05,1.0,6,0.6,1.0,18.680379037579666,0.5989090507631,1,61016.27804723904,6.155743642048037
40,2,0.05,1.0,8,0.6,1.0,5.926704335957521,0.7576681535823442,1,61016.282464388205,6.160160791216185
40,2,0.05,0.0,10,0.8,1.0,58.53633640127439,0.9241901779660545,1,61016.2944943314,6.172190734410833
25,5,0.05,1.0,10,0.8,1.0,51.762385892894116,0.7941919743472928,1,61016.33562412199,6.21332052499929
25,5,0.05,1.0,8,0.6,1.0,127.08003144852536,0.9736306038429916,1,61016.38657282803,6.264269231040089
40,2,0.05,10.0,8,1.0,1.0,95.40216614885053,0.9701886308705047,1,61016.416414607964,6.29411101097503
40,2,0.05,0.0,6,0.8,1.0,48.93914330897947,0.8993995195586831,1,61016.44062151747,6.318317920478876
40,2,0.05,10.0,1,1.0,1.0,5.824181479169872,0.9427638823979262,1,61016.61824159876,6.4959380017680814
40,2,0.05,10.0,6,1.0,1.0,5.525086561102866,0.9350483531397059,1,61016.698776098674,6.576472501685203
40,2,0.05,1.0,10,1.0,1.0,46.508571136990824,0.9497814594361023,1,61016.79518413255,6.6728805355596705
40,2,0.05,10.0,10,1.0,1.0,14.492556213596917,0.9937115490604558,1,61016.795844663364,6.673541066375037
40,2,0.05,1.0,1,1.0,1.0,135.9425641793994,0.9738263101918592,1,61016.80039128383,6.678087686843355
40,2,0.05,0.0,1,1.0,1.0,9.120172160175805,0.8438915020792119,1,61016.80434148557,6.682037888582272
40,2,0.05,0.0,6,1.0,1.0,6.018178212721629,0.7759438046273015,1,61016.970108429254,6.847804832264956
40,2,0.05,10.0,6,0.8,1.0,0.9410309597434059,0.949138576700129,1,61017.08400278045,6.96169918346277
40,2,0.05,10.0,10,0.8,1.0,19.983832866167948,0.7895965277340513,1,61017.23435211072,7.112048513728951
40,2,0.05,0.0,1,0.8,1.0,1.00545419210165,0.9811861178892488,1,61017.32473818884,7.202434591854399
40,2,0.05,10.0,1,0.8,1.0,17.69563816249703,0.9645166210724713,1,61017.37145949299,7.249155896002776
1000,3,0.01,0.0,1,1.0,1.0,71.53579079842667,0.9115246117074997,0,61017.444682214744,7.322378617755021
40,2,0.05,1.0,8,0.8,1.0,35.774658186093525,0.934858187574636,1,61017.4731866169,7.350883019913454
40,2,0.05,1.0,6,0.8,1.0,46.89376319531058,0.8264159961115213,1,61017.517113253874,7.394809656885627
40,2,0.05,10.0,8,0.8,1.0,12.331444690335204,0.9818767335158077,1,61017.696406395095,7.574102798105741
40,2,0.05,0.0,8,0.8,1.0,6.105327927600657,0.9860492437237748,1,61018.103990604366,7.981687007377332
25,5,0.05,10.0,6,0.6,1.0,87.54093447460933,0.9945979291148529,1,61018.29612628158,8.173822684591869
25,5,0.05,0.0,10,0.8,1.0,37.73044207184852,0.8677842687370145,1,61018.31455972989,8.192256132904731
40,2,0.05,1.0,1,0.8,1.0,59.129665766582974,0.7006402738321796,1,61018.34272599052,8.220422393533227
25,5,0.05,10.0,8,0.8,1.0,2.760487092566916,0.8832384457226172,1,61020.0116213522,9.88931775520905
1000,1,0.01,0.0,1,1.0,1.0,31.230151061383125,0.806422663150622,0,61020.71340126967,10.591097672680917
40,5,0.05,10.0,8,1.0,1.0,192.44045823969805,0.9743490065315081,1,61020.750474102955,10.628170505966409
25,5,0.05,0.0,8,1.0,1.0,40.59581818130075,0.9905853710404668,1,61020.956095306385,10.833791709395882
25,5,0.05,10.0,6,0.8,1.0,22.07984917172011,0.90036698402771,1,61023.14156087054,13.019257273554103
25,5,0.05,1.0,8,1.0,1.0,71.6580989905825,0.8620009085190721,1,61023.77395417732,13.65165058033017
100,1,0.05,1.0,1,0.6,1.0,32.06509254906349,0.9770425904690561,1,61024.3199042194,14.19760062241403
100,1,0.05,10.0,10,0.6,1.0,87.5550118056099,0.976950099657558,1,61024.32758605487,14.205282457878639
100,1,0.05,10.0,1,0.6,1.0,89.38214033779937,0.872406391827837,1,61024.37211197305,14.249808376058354
100,1,0.05,0.0,6,0.6,1.0,64.45367889459848,0.811754982086789,1,61024.37277884525,14.250475248263683
100,1,0.05,10.0,8,0.6,1.0,80.64663938412255,0.8937912913786256,1,61024.37345513781,14.251151540818682
100,1,0.05,1.0,8,0.6,1.0,12.338230114587665,0.9570821326165575,1,61024.38037502262,14.258071425632806
750,1,0.01,0.0,1,1.0,1.0,14.383439796849363,0.7785850780154597,0,61024.38901863465,14.266715037658287
100,1,0.05,0.0,8,0.6,1.0,30.31645586162191,0.8887914795348959,1,61024.39245179486,14.270148197872913
100,1,0.05,0.0,10,0.6,1.0,8.963984646938929,0.9428362722842594,1,61024.413970129564,14.291666532575618
100,1,0.05,1.0,10,0.6,1.0,84.09221733906621,0.8832931618112477,1,61024.510695905316,14.388392308326729
100,1,0.05,0.0,1,0.6,1.0,24.029554224497367,0.7334731888879525,1,61024.550150474504,14.427846877515549
100,1,0.05,1.0,6,0.6,1.0,72.87947938845079,0.9540932031173784,1,61024.62945697515,14.507153378159273
100,1,0.05,10.0,6,0.6,1.0,53.47206278111373,0.9274091986450852,1,61024.69317879339,14.570875196404813
100,1,0.05,0.0,10,0.8,1.0,23.818425427997035,0.9422619711676772,1,61025.15405129536,15.031747698369145
100,1,0.05,1.0,10,0.8,1.0,9.467803125239387,0.8571020918349422,1,61025.179963140305,15.057659543315822
100,1,0.05,10.0,10,0.8,1.0,21.71649406736404,0.927328287271096,1,61025.18764177161,15.06533817462332
100,1,0.05,0.0,6,0.8,1.0,128.44141835667352,0.9486269172814165,1,61025.201229549515,15.078925952526333
100,1,0.05,1.0,1,0.8,1.0,77.50003169966804,0.9527963210917441,1,61025.21353576523,15.091232168240822
100,1,0.05,0.0,1,0.8,1.0,38.41888473175937,0.9686055339956897,1,61025.21871057465,15.09640697766008
100,1,0.05,10.0,1,0.8,1.0,18.226259356281872,0.908878723733225,1,61025.24358934533,15.121285748340597
100,1,0.05,10.0,8,0.8,1.0,5.059900709526312,0.9857825556640317,1,61025.28487381561,15.162570218621113
100,1,0.05,1.0,6,0.8,1.0,22.29615511808527,0.9330853180100412,1,61025.34345344971,15.221149852717645
100,1,0.05,1.0,8,0.8,1.0,85.99135133540601,0.8644461421091777,1,61025.37810637662,15.255802779633086
100,1,0.05,10.0,6,0.8,1.0,30.92752487622532,0.9715338835580144,1,61025.40093957428,15.27863597729447
100,1,0.05,0.0,8,0.8,1.0,3.9200102416987854,0.9704988221680015,1,61025.44502633895,15.322722741962934
25,5,0.05,10.0,8,0.6,1.0,158.2740026977591,0.8633075602538297,1,61026.42352098482,16.301217387830548
100,1,0.05,0.0,8,1.0,1.0,3.5220453437461745,0.8305940417173161,1,61026.47421449809,16.35191090110311
100,1,0.05,10.0,6,1.0,1.0,4.402288829930059,0.9826479303663356,1,61026.47438154488,16.35207794789312
100,1,0.05,1.0,8,1.0,1.0,10.453214326348885,0.9101795275157485,1,61026.47482651971,16.352522922723438
100,1,0.05,0.0,10,1.0,1.0,162.6822399294989,0.9664937851230688,1,61026.47496442655,16.352660829557863
100,1,0.05,1.0,1,1.0,1.0,33.73202465547809,0.8137079322221109,1,61026.475268656104,16.352965059115377
100,1,0.05,1.0,10,1.0,1.0,6.604013640098142,0.9983184733007596,1,61026.475665585465,16.353361988476536
100,1,0.05,10.0,10,1.0,1.0,23.584425208066246,0.921704407060254,1,61026.47731232457,16.355008727579843
100,1,0.05,1.0,6,1.0,1.0,0.4824701562212794,0.7586963975624109,1,61026.48134514626,16.35904154927266
100,1,0.05,0.0,6,1.0,1.0,8.839057717330705,0.9103148600949027,1,61026.485348555645,16.363044958656246
100,1,0.05,0.0,1,1.0,1.0,47.31774874017404,0.937093882202404,1,61026.50202322328,16.379719626289443
100,1,0.05,10.0,8,1.0,1.0,93.27309708909637,0.9532874971066995,1,61026.50997715807,16.38767356108292
25,2,0.05,0.0,10,0.6,1.0,112.89815056813485,0.9777654340059051,1,61026.51905554062,16.396751943633717
100,1,0.05,10.0,1,1.0,1.0,80.04196981753185,0.8592213803005645,1,61026.5392660303,16.416962433308072
25,5,0.05,0.0,6,0.6,1.0,104.22726260559278,0.9488840522495936,1,61026.96661477829,16.844311181303055
25,2,0.05,1.0,1,0.6,1.0,41.97945546205293,0.9467464646020729,1,61027.62606837116,17.503764774170122
25,2,0.05,1.0,10,0.6,1.0,7.855794514418955,0.9513713671310968,1,61027.86474820736,17.742444610368693
25,5,0.05,10.0,6,1.0,1.0,41.0336404234667,0.9159688373037864,1,61028.258006129596,18.135702532606956
25,2,0.05,0.0,8,0.6,1.0,32.17026536445557,0.901876755210281,1,61028.465325403085,18.343021806096658
25,2,0.05,10.0,1,0.6,1.0,68.75358179334076,0.9409897083581452,1,61028.603991967146,18.481688370156917
25,2,0.05,0.0,1,0.6,1.0,32.22392787794747,0.8527859540258386,1,61028.604160303155,18.48185670616658
25,2,0.05,10.0,1,0.8,1.0,245.17816466593493,0.6921092573245157,1,61028.87637384007,18.754070243077877
25,2,0.05,10.0,8,0.6,1.0,13.990778929682332,0.9696940135994734,1,61028.88524372662,18.762940129628987
25,2,0.05,1.0,6,0.8,1.0,44.7657627482352,0.9869347642216214,1,61028.960946816485,18.83864321949659
25,2,0.05,1.0,6,0.6,1.0,46.11642112260272,0.9769295549059005,1,61029.02208952679,18.89978592980333
25,2,0.05,10.0,10,0.8,1.0,48.11968362571231,0.9749140148307481,1,61029.02499922948,18.902695632488758
25,2,0.05,0.0,6,0.6,1.0,39.13561965767814,0.9313173882282715,1,61029.202041165256,19.079737568266864
25,5,0.05,0.0,8,0.6,1.0,51.7935045175761,0.9579553165194146,1,61029.423012730804,19.300709133814962
25,5,0.05,0.0,1,1.0,1.0,23.287227078445785,0.6903205523022982,1,61029.510007340534,19.38770374354499
25,2,0.05,1.0,8,0.6,1.0,54.62897194299846,0.8298978982234246,1,61029.55303223734,19.430728640349116
25,2,0.05,10.0,6,0.8,1.0,56.282781858166466,0.9698392587054419,1,61029.70717450331,19.584870906321157
25,2,0.05,1.0,10,0.8,1.0,13.108947525925723,0.8784177311809257,1,61029.734978946675,19.61267534968647
25,2,0.05,10.0,6,0.6,1.0,4.8281591673306705,0.9027690256417287,1,61029.8225907127,19.700287115709216
25,2,0.05,10.0,10,0.6,1.0,72.29074133076314,0.9593592262334507,1,61029.822907927395,19.70060433040635
25,2,0.05,0.0,6,0.8,1.0,9.789426884519257,0.9885995934168214,1,61029.85561191744,19.733308320450305
25,2,0.05,0.0,10,0.8,1.0,0.40970794707980734,0.9383545866954874,1,61030.062072805835,19.939769208845973
25,2,0.05,10.0,8,0.8,1.0,30.125450297417807,0.9589536851348975,1,61030.06350789057,19.941204293580086
25,2,0.05,10.0,10,1.0,1.0,61.74137194372714,0.8583428820715968,1,61030.14181713952,20.019513542531058
25,2,0.05,1.0,6,1.0,1.0,139.7739345919909,0.9544136680348149,1,61030.374452358046,20.25214876105747
25,2,0.05,1.0,10,1.0,1.0,25.23583508028867,0.9454726121938568,1,61030.4635506815,20.34124708451418
25,2,0.05,1.0,8,1.0,1.0,30.74015351170596,0.983448692120675,1,61030.49162770864,20.369324111648893
25,2,0.05,0.0,10,1.0,1.0,27.666509776210223,0.8073348098180737,1,61030.49615739044,20.37385379344778
25,2,0.05,1.0,1,1.0,1.0,21.915575923875966,0.9573520804655229,1,61030.50518903296,20.38288543597446
25,2,0.05,10.0,8,1.0,1.0,23.613223148310503,0.9528853332855528,1,61030.506350973665,20.38404737667588
25,2,0.05,1.0,1,0.8,1.0,71.94852075635654,0.9742755318704593,1,61030.548876958805,20.426573361815827
25,2,0.05,0.0,8,1.0,1.0,38.058080200395686,0.9878123508972438,1,61030.72667812476,20.604374527771142
25,2,0.05,0.0,6,1.0,1.0,16.22104852200167,0.9578913288044492,1,61030.72702907365,20.60472547665995
25,2,0.05,10.0,1,1.0,1.0,8.681168213125156,0.7360105806951628,1,61030.7872885495,20.664984952512896
25,2,0.05,0.0,1,0.8,1.0,125.43062326340097,0.900576724063309,1,61030.818902609826,20.696599012837396
25,2,0.05,0.0,8,0.8,1.0,217.83622736373957,0.7558994695995185,1,61030.90873556553,20.786431968539546
25,2,0.05,0.0,1,1.0,1.0,81.86305242129053,0.8325765802378418,1,61030.956499766704,20.834196169715142
500,1,0.01,0.0,1,1.0,1.0,18.93558927374066,0.9748125586971216,0,61031.038308483156,20.916004886166775
25,2,0.05,10.0,6,1.0,1.0,242.40908991154083,0.8895524162385842,1,61031.07675059143,20.954446994437603
1000,1,0.005,0.0,1,1.0,1.0,16.647921014090304,0.9965958813768361,0,61031.0816777481,20.95937415111257
25,5,0.05,0.0,6,1.0,1.0,118.66324241820831,0.9112960551411835,1,61031.1449680434,21.02266444641282
25,2,0.05,1.0,8,0.8,1.0,13.460263712076356,0.9167077770531044,1,61031.16457147278,21.04226787578955
40,5,0.05,0.0,6,0.8,1.0,10.946959443907765,0.9865658761866295,1,61031.29695449956,21.17465090256883
40,5,0.05,1.0,10,0.8,1.0,5.094499862568497,0.8634629235587143,1,61031.40164704021,21.279343443224207
25,5,0.05,1.0,6,0.6,1.0,4.648465185612706,0.9312292369561584,1,61032.33370594076,22.211402343767986
25,5,0.05,1.0,10,0.6,1.0,174.79821255408189,0.9896592127086704,1,61032.65187786035,22.5295742633607
40,5,0.05,1.0,10,1.0,1.0,25.69747868748049,0.9858867412936422,1,61033.53509707333,23.412793476338265
750,1,0.005,0.0,1,1.0,1.0,49.78009629657549,0.941818233620569,0,61036.21497325376,26.09266965676943
40,5,0.05,10.0,8,0.6,1.0,15.692004537162202,0.9668102874393238,1,61036.87395409129,26.75165049429779
50,1,0.05,10.0,6,0.6,1.0,12.1859913752395,0.981070042582014,1,61037.92869782082,27.806394223829557
50,1,0.05,10.0,1,0.6,1.0,16.192042646778976,0.9153590054871806,1,61037.958557758924,27.836254161935358
50,1,0.05,1.0,6,0.6,1.0,3.996539971867372,0.9874378417267821,1,61037.96048416571,27.838180568724056
50,1,0.05,10.0,10,0.6,1.0,32.832506762037426,0.9699819524873555,1,61037.987292011676,27.864988414687105
50,1,0.05,0.0,6,0.6,1.0,18.316728547600622,0.6385474401660864,1,61037.99163638842,27.86933279142977
50,1,0.05,10.0,8,0.6,1.0,148.62980626374934,0.978188844983058,1,61037.99258524667,27.87028164968069
50,1,0.05,0.0,10,0.6,1.0,102.01560061733792,0.9257381452477118,1,61037.99619984662,27.87389624962816
50,1,0.05,1.0,8,0.6,1.0,29.322742723310068,0.9534904771251983,1,61038.010944196925,27.88864059993648
50,1,0.05,1.0,10,0.6,1.0,5.398602142078203,0.8872361395764604,1,61038.032566257796,27.910262660807348
50,1,0.05,0.0,8,0.6,1.0,37.539350440118184,0.983322761473051,1,61038.0336441846,27.911340587612358
50,1,0.05,0.0,1,0.6,1.0,87.3260555131396,0.9605977892633087,1,61038.08676713301,27.964463536023686
50,1,0.05,1.0,1,0.6,1.0,69.21572510443255,0.9466992422565929,1,61038.09088469127,27.968581094282854
500,2,0.3,0.0,1,1.0,1.0,204.3268297090885,0.9971297641789925,0,61038.476672873694,28.354369276705256
50,1,0.05,10.0,6,0.8,1.0,8.208205285457623,0.9029931128378975,1,61038.56273046593,28.44042686893954
50,1,0.05,10.0,1,0.8,1.0,31.807961023827318,0.9869071070412154,1,61038.564908801636,28.442605204647407
50,1,0.05,10.0,8,0.8,1.0,14.36041581918713,0.9986591919589104,1,61038.57732766332,28.455024066330225
50,1,0.05,0.0,6,0.8,1.0,72.06813374367262,0.9843414086103963,1,61038.58015025787,28.457846660880023
50,1,0.05,1.0,6,0.8,1.0,12.705964427577424,0.9729793040507333,1,61038.583793170474,28.46148957348487
50,1,0.05,1.0,1,0.8,1.0,39.5463968959862,0.9610628619979283,1,61038.5911790578,28.46887546081416
50,1,0.05,0.0,10,0.8,1.0,0.8418825386366452,0.9554462723777066,1,61038.59188983489,28.46958623790124
50,1,0.05,1.0,8,0.8,1.0,4.992861012592591,0.950911082573093,1,61038.63443940761,28.51213581061893
50,1,0.05,10.0,10,0.8,1.0,40.59668288576922,0.9657939769405107,1,61038.65407885313,28.531775256138644
50,1,0.05,0.0,1,0.8,1.0,26.420549251426955,0.888016040830891,1,61038.666253868185,28.54395027119608
50,1,0.05,1.0,10,0.8,1.0,105.92555218970499,0.9680914607654113,1,61038.66968314753,28.547379550538608
50,1,0.05,0.0,8,0.8,1.0,71.29961924199854,0.7094516922792943,1,61038.670509909076,28.54820631208713
25,5,0.05,0.0,6,0.8,1.0,80.38515712630766,0.9155601331594165,1,61038.906912554696,28.78460895770695
50,1,0.05,10.0,1,1.0,1.0,24.60588315261115,0.9547173011020557,1,61039.32816220653,29.20585860954452
50,1,0.05,10.0,10,1.0,1.0,44.61397537952328,0.9852032032061476,1,61039.33394441398,29.21164081698953
50,1,0.05,1.0,8,1.0,1.0,34.55384567761372,0.8140602184117812,1,61039.334275440924,29.211971843935316
50,1,0.05,0.0,1,1.0,1.0,44.272856442742274,0.596550811450379,1,61039.33507907936,29.212775482374127
50,1,0.05,1.0,10,1.0,1.0,4.34886532633681,0.9470018554012336,1,61039.34677190977,29.22446831277921
50,1,0.05,1.0,6,1.0,1.0,45.668129169228436,0.8727312486406186,1,61039.34696004682,29.224656449834583
50,1,0.05,10.0,8,1.0,1.0,40.084044364012506,0.9182292106476121,1,61039.35306958771,29.23076599072374
50,1,0.05,0.0,6,1.0,1.0,94.3669521027262,0.8370948859493683,1,61039.35325008481,29.230946487819892
50,1,0.05,0.0,8,1.0,1.0,139.4000484733113,0.7769916651286894,1,61039.39376981206,29.271466215068358
50,1,0.05,0.0,10,1.0,1.0,85.37387697915293,0.9289957163815278,1,61039.406408481125,29.284104884136468
50,1,0.05,1.0,1,1.0,1.0,16.934093319159576,0.9725466795899731,1,61039.42643621192,29.304132614932314
50,1,0.05,10.0,6,1.0,1.0,78.21806177089393,0.960332039584454,1,61039.42654751715,29.304243920159934
25,5,0.05,1.0,6,1.0,1.0,3.413572442580738,0.9175243988034244,1,61040.20837443249,30.08607083550305
40,5,0.05,0.0,10,0.8,1.0,10.06705644731916,0.9859737532322723,1,61041.11209182656,30.989788229569967
40,1,0.05,1.0,6,0.6,1.0,77.69285364980973,0.8715578071787686,1,61041.87936984036,31.75706624337181
40,1,0.05,1.0,8,0.6,1.0,204.93177992097065,0.7422388500564315,1,61041.879602748995,31.757299152006453
40,1,0.05,0.0,6,0.6,1.0,15.054608263121855,0.9332719427437941,1,61041.88177677684,31.759473179852648
40,1,0.05,0.0,1,0.6,1.0,6.138364925295306,0.9482244214720167,1,61041.89777437779,31.77547078079806
40,1,0.05,10.0,8,0.6,1.0,21.231782131033647,0.9436421753955704,1,61041.92521725391,31.80291365692392
40,1,0.05,10.0,1,0.6,1.0,170.80707961778955,0.8704277620949376,1,61041.98135695878,31.859053361789847
40,1,0.05,0.0,10,0.6,1.0,12.412864503635964,0.9881791516433046,1,61041.99141348754,31.869109890554682
40,1,0.05,1.0,10,0.6,1.0,62.00344602265792,0.729402110343026,1,61041.99319209762,31.870888500634464
40,1,0.05,10.0,10,0.6,1.0,33.42876609425896,0.9693095610258468,1,61042.00943065388,31.887127056892496
40,1,0.05,0.0,8,0.6,1.0,64.1578066628257,0.9028803237773062,1,61042.00943112659,31.887127529604186
40,1,0.05,1.0,1,0.6,1.0,60.45528478515988,0.8528472523672359,1,61042.00956981083,31.887266213838302
40,1,0.05,10.0,6,0.6,1.0,41.295263328486,0.9835987812182198,1,61042.01009093085,31.887787333864253
40,1,0.05,0.0,8,0.8,1.0,55.07349451884067,0.839558626187799,1,61042.665971972696,32.54366837570706
40,1,0.05,1.0,10,0.8,1.0,0.8851833671262089,0.6597570894865508,1,61042.688874426916,32.566570829927514
40,1,0.05,10.0,8,0.8,1.0,3.2374096593687285,0.9001771205089055,1,61042.69570727796,32.57340368097357
40,1,0.05,1.0,1,0.8,1.0,57.446002278468434,0.9832330628761448,1,61042.713625819466,32.591322222477174
40,1,0.05,10.0,10,0.8,1.0,17.597409006167926,0.9945606648622444,1,61042.71823058398,32.59592698699271
40,1,0.05,0.0,6,0.8,1.0,2.2100127493219537,0.906935555919619,1,61042.71825308488,32.59594948789163
40,1,0.05,1.0,8,0.8,1.0,76.96156659634111,0.9326443053695636,1,61042.72794161077,32.60563801378157
40,1,0.05,10.0,1,0.8,1.0,46.91914079426685,0.767943157381142,1,61042.73891716974,32.61661357275443
40,1,0.05,0.0,10,0.8,1.0,5.694139133155142,0.8744801608950997,1,61042.757603024926,32.63529942793684
40,1,0.05,10.0,6,0.8,1.0,70.47858153912485,0.967595134061761,1,61042.759103674674,32.63680007768562
40,1,0.05,1.0,6,0.8,1.0,79.27079760112538,0.9822618210674682,1,61042.787514895244,32.6652112982556
40,1,0.05,0.0,1,0.8,1.0,68.94150353141455,0.9413725241091065,1,61042.83390427091,32.711600673923385
500,1,0.005,0.0,1,1.0,1.0,41.223852182332756,0.7539441991831242,0,61043.15995933063,33.03765573364217
40,1,0.05,0.0,8,1.0,1.0,46.77682094702428,0.6490152445010683,1,61043.212295566074,33.08999196908553
40,1,0.05,1.0,6,1.0,1.0,7.931491658895149,0.9142749340145283,1,61043.21248488539,33.09018128840398
40,1,0.05,10.0,10,1.0,1.0,2.0782887719487793,0.7522716373784444,1,61043.21325704225,33.09095344525849
40,1,0.05,0.0,10,1.0,1.0,18.14104900599843,0.7754190050050537,1,61043.21343976809,33.091136171104154
40,1,0.05,1.0,1,1.0,1.0,18.102807407529195,0.7923002340331623,1,61043.21359497939,33.091291382399504
40,1,0.05,0.0,6,1.0,1.0,21.217594782671274,0.9455180072991076,1,61043.216935779674,33.09463218268502
40,1,0.05,10.0,1,1.0,1.0,266.90069838494276,0.6540971801751374,1,61043.220093515716,33.09778991872736
40,1,0.05,0.0,1,1.0,1.0,171.70075059231593,0.948947481319398,1,61043.22035151865,33.0980479216596
40,1,0.05,1.0,10,1.0,1.0,0.7230619913884383,0.8274741217293462,1,61043.22125159126,33.09894799427275
40,1,0.05,10.0,6,1.0,1.0,15.863040427529782,0.8976058778121394,1,61043.22247974869,33.100176151703636
40,1,0.05,1.0,8,1.0,1.0,107.14762798385287,0.9867719658109123,1,61043.28462310849,33.162319511502574
40,1,0.05,10.0,8,1.0,1.0,136.50461153933898,0.9667592628914711,1,61043.2917495872,33.16944599021372
40,5,0.05,1.0,8,0.8,1.0,58.483563066453904,0.7462109008447827,1,61044.99360397686,34.87130037986935
40,5,0.05,10.0,8,0.8,1.0,23.04954587484597,0.571903055079766,1,61045.16352422996,35.04122063297109
25,5,0.05,1.0,1,0.6,1.0,33.80356589802469,0.8158093147721829,1,61045.82734799157,35.70504439458455
40,5,0.05,0.0,6,0.6,1.0,44.093082487578066,0.9172207648024943,1,61046.945538965476,36.823235368487076
40,5,0.05,10.0,6,0.8,1.0,0.18736699745148896,0.9892760835370313,1,61047.4027789671,37.28047537011298
50,5,0.05,0.0,10,0.8,1.0,32.20076285245967,0.9647211643108606,1,61048.34764199833,38.22533840133838
40,5,0.05,0.0,10,1.0,1.0,38.54726610676703,0.9673194026412573,1,61049.87865655947,39.7563529624822
50,5,0.05,0.0,8,0.8,1.0,24.126602746882636,0.9613492646280241,1,61050.300881151765,40.178577554775984
25,1,0.05,1.0,8,0.6,1.0,2.4781124771013086,0.9942990611613924,1,61050.655328047906,40.533024450916855
25,1,0.05,1.0,10,0.6,1.0,35.34625105094636,0.84657625038744,1,61050.65558391453,40.53328031754063
25,1,0.05,10.0,6,0.6,1.0,148.32229750351578,0.9647971309565091,1,61050.65620380421,40.53390020722145
25,1,0.05,0.0,1,0.6,1.0,27.846467466781654,0.9251079935173033,1,61050.65681017698,40.53450657999201
25,1,0.05,1.0,6,0.6,1.0,28.39666568545774,0.9335546469020363,1,61050.67577471072,40.553471113729756
25,1,0.05,0.0,8,0.6,1.0,42.91831507055844,0.9472282899037731,1,61050.746532979465,40.62422938247619
25,1,0.05,10.0,10,0.6,1.0,52.13484070552187,0.8686152418224632,1,61050.74678597129,40.624482374303625
25,1,0.05,1.0,1,0.6,1.0,41.542965110191155,0.4520279030527756,1,61050.80195775326,40.67965415627259
25,1,0.05,10.0,1,0.6,1.0,9.234292884540494,0.9123599197375195,1,61050.80212849447,40.67982489748101
25,1,0.05,0.0,10,0.6,1.0,127.97751138493263,0.7766498455349948,1,61050.80242201192,40.68011841492989
25,1,0.05,10.0,8,0.6,1.0,21.36044747496274,0.9657075344306235,1,61050.86042402028,40.73812042328791
25,1,0.05,0.0,6,0.6,1.0,17.578397406247117,0.9521918270339501,1,61050.862162791615,40.73985919462575
25,1,0.05,0.0,8,0.8,1.0,12.040909118045015,0.9489539382126659,1,61051.22162966093,41.09932606394432
25,1,0.05,10.0,6,0.8,1.0,46.26300435093592,0.9175706101917596,1,61051.265589796254,41.143286199265276
25,1,0.05,10.0,1,0.8,1.0,32.35856066289337,0.8200158252390096,1,61051.271513704756,41.14921010776743
25,1,0.05,1.0,6,0.8,1.0,30.98363023553209,0.9346388220607775,1,61051.278150363934,41.155846766945615
25,1,0.05,0.0,6,0.8,1.0,32.50512722476326,0.8300809806605848,1,61051.300396145685,41.17809254869644
25,1,0.05,10.0,8,0.8,1.0,42.270269629711706,0.9346288151676088,1,61051.32199811652,41.19969451952784
40,5,0.05,0.0,8,0.8,1.0,1.2396569596208125,0.855044395283928,1,61051.323949566315,41.20164596932591
25,1,0.05,10.0,10,0.8,1.0,15.766452903251208,0.9112766576390648,1,61051.335533433004,41.21322983601567
25,1,0.05,1.0,8,0.8,1.0,40.28072147808013,0.8917286768170425,1,61051.33621440527,41.21391080828471
25,1,0.05,1.0,10,0.8,1.0,17.416210795706057,0.8940542450159569,1,61051.385248403996,41.26294480700744
25,1,0.05,0.0,1,0.8,1.0,51.47696015399236,0.9371326905967692,1,61051.38565042135,41.26334682435845
25,1,0.05,0.0,10,0.8,1.0,89.08877843637235,0.9646939276969686,1,61051.39303620881,41.27073261181795
25,1,0.05,1.0,1,0.8,1.0,13.475348013088768,0.9213253976709158,1,61051.39781592485,41.27551232786209
25,1,0.05,10.0,10,1.0,1.0,51.61345202917923,0.9761795131912862,1,61051.5537430376,41.43143944061012
25,1,0.05,0.0,6,1.0,1.0,60.26786847886264,0.9963993142332885,1,61051.55514896587,41.4328453688795
25,1,0.05,0.0,1,1.0,1.0,125.19146856011076,0.829466043080266,1,61051.63202161158,41.50971801458945
25,1,0.05,10.0,6,1.0,1.0,24.11197109102173,0.9292242987121576,1,61051.63213857068,41.509834973694524
25,1,0.05,10.0,8,1.0,1.0,78.03650382258651,0.9988262539905265,1,61051.6437335699,41.5214299729123
25,1,0.05,1.0,10,1.0,1.0,101.70090594226846,0.9983208122506821,1,61051.64386902327,41.52156542627927
25,1,0.05,1.0,1,1.0,1.0,30.201898362015694,0.7560561982997857,1,61051.64398124088,41.52167764389014
25,1,0.05,10.0,1,1.0,1.0,7.490827223443297,0.8702437267245596,1,61051.64619182641,41.52388822942157
25,1,0.05,0.0,10,1.0,1.0,115.27555507316873,0.9610171830061225,1,61051.64677617279,41.524472575802065
25,1,0.05,1.0,8,1.0,1.0,39.025319045739906,0.9990550593317222,1,61051.67686266242,41.5545590654292
25,1,0.05,0.0,8,1.0,1.0,71.96783298205996,0.9625008731095719,1,61051.67911224821,41.55680865122122
25,1,0.05,1.0,6,1.0,1.0,42.973952615777264,0.9772638444271788,1,61051.68662389268,41.564320295692596
50,5,0.05,10.0,8,1.0,1.0,34.31126733859024,0.9149698932633609,1,61052.14267746308,42.020373866092996
40,5,0.05,1.0,6,1.0,1.0,8.748824516652677,0.9577201010785247,1,61052.21997955569,42.097675958699256
500,3,0.05,0.0,1,1.0,1.0,10.976743357156476,0.6376933286285655,0,61052.65341679985,42.53111320285825
40,5,0.05,1.0,8,0.6,1.0,2.937183573022245,0.9188525332439883,1,61054.96675586228,44.84445226529351
40,5,0.05,0.0,8,0.6,1.0,76.24596793593884,0.921834323813955,1,61055.720833464635,45.59852986764599
500,4,0.005,0.0,1,1.0,1.0,52.422147073871514,0.9862407643131476,0,61055.753261651145,45.63095805415651
40,5,0.05,0.0,10,0.6,1.0,47.50986628748455,0.9924850002709207,1,61057.369499738874,47.24719614188507
25,5,0.05,10.0,1,1.0,1.0,0.13031678185067125,0.9773001190673017,1,61057.62767078714,47.50536719014781
50,5,0.05,0.0,10,1.0,1.0,61.58481739261511,0.922092973951645,1,61058.45223634372,48.329932746732084
25,5,0.05,10.0,1,0.8,1.0,81.44354838914988,0.976044476406992,1,61058.59506284238,48.47275924539281
25,5,0.05,0.0,1,0.8,1.0,9.54946825723318,0.9367385191133009,1,61058.664243683386,48.54194008639752
750,2,0.3,0.0,1,1.0,1.0,41.60474800048853,0.8885430737333339,0,61059.355066656026,49.2327630590371
25,5,0.05,10.0,1,0.6,1.0,11.666129544238352,0.9632556089151038,1,61059.62319559004,49.500891993047844
50,5,0.05,10.0,8,0.8,1.0,26.344846014903606,0.9882315941294924,1,61060.287350248385,50.16504665139655
25,5,0.05,1.0,1,1.0,1.0,28.93511325414527,0.7208338552975687,1,61060.39055784592,50.26825424893468
25,5,0.05,1.0,1,0.8,1.0,69.65159040424606,0.9169411568056953,1,61061.34479816961,51.222494572619325
50,5,0.05,1.0,8,0.8,1.0,2.2637201883017157,0.9475550917872416,1,61063.4564953585,53.33419176151074
40,5,0.05,1.0,6,0.6,1.0,23.240437885127537,0.9725479756624054,1,61063.62588669542,53.50358309843432
40,5,0.05,10.0,6,1.0,1.0,112.50861101173702,0.8730782082752533,1,61063.73595519147,53.61365159448178
40,5,0.05,10.0,6,0.6,1.0,3.519522784857813,0.9986009429341937,1,61064.979635524745,54.857331927756604
25,5,0.05,0.0,1,0.6,1.0,22.98483713784619,0.9959374582898889,1,61065.20999290623,55.087689309242705
40,5,0.05,1.0,6,0.8,1.0,69.74416512376571,0.6939072852168723,1,61065.62740167347,55.505098076479044
40,5,0.05,1.0,10,0.6,1.0,52.30232110657476,0.9490372590317919,1,61065.8944023933,55.772098796311184
40,5,0.05,0.0,8,1.0,1.0,76.17076968046064,0.9614777806029217,1,61066.81212843299,56.68982483600121
50,5,0.05,10.0,6,0.8,1.0,40.02382276639678,0.9982874647433897,1,61068.39251889821,58.27021530122147
50,5,0.05,1.0,10,1.0,1.0,46.03148949831671,0.76733144855805,1,61069.19424962611,59.071946029122046
50,5,0.05,0.0,10,0.6,1.0,107.8619726702765,0.9989050112074161,1,61070.047507934425,59.9252043374363
50,5,0.05,0.0,8,1.0,1.0,39.646199319810854,0.8857561338531493,1,61070.53439181242,60.41208821543114
50,5,0.05,10.0,6,1.0,1.0,2.087458189721819,0.9085590578827102,1,61070.79388843383,60.67158483684034
1000,2,0.3,0.0,1,1.0,1.0,73.24428099222493,0.819011621194897,0,61072.17017911301,62.04787551602203
40,5,0.05,0.0,6,1.0,1.0,12.741841131897335,0.7104444604768357,1,61072.72033134841,62.598027751424524
50,5,0.05,1.0,8,1.0,1.0,120.00440591483917,0.9870180727753877,1,61072.74431337298,62.62200977599423
40,5,0.05,10.0,1,1.0,1.0,1.1421369431811002,0.8475627773333579,1,61072.76381213013,62.64150853313913
50,5,0.05,1.0,10,0.8,1.0,30.06277080357449,0.9793149509121152,1,61073.873887791626,63.75158419463696
50,5,0.05,1.0,10,0.6,1.0,0.08009040379283812,0.9365599992412721,1,61075.29963132681,65.17732772981981
50,5,0.05,0.0,6,0.6,1.0,76.06063527438948,0.861115950580953,1,61078.97768131778,68.8553777207926
750,3,0.05,0.0,1,1.0,1.0,79.40401597560225,0.9590096155153334,0,61079.864105702116,69.74180210512714
50,5,0.05,10.0,6,0.6,1.0,50.791438679920056,0.8422569902198199,1,61082.869315974036,72.74701237704721
50,5,0.05,1.0,8,0.6,1.0,5.965350855931092,0.8842153332287505,1,61085.67913589326,75.55683229627175
50,5,0.05,0.0,8,0.6,1.0,26.853035063074426,0.9200871620504064,1,61086.59288394636,76.47058034937072
50,5,0.05,1.0,6,1.0,1.0,7.1510290983233125,0.9870007370067575,1,61086.67372099378,76.55141739678947
50,5,0.05,10.0,8,0.6,1.0,94.2021859770181,0.9156377263362019,1,61091.745979086845,81.6236754898564
50,5,0.05,0.0,6,0.8,1.0,79.7795747240346,0.9699280449812918,1,61092.984692726,82.86238912901172
50,5,0.05,1.0,1,0.8,1.0,10.851457441977608,0.9041033116479273,1,61095.31785040749,85.19554681050067
40,5,0.05,1.0,1,0.8,1.0,38.66615403754452,0.948326203458851,1,61097.22979410274,87.10749050575396
40,5,0.05,0.0,1,1.0,1.0,34.18044688390714,0.951559065739321,1,61099.30164060946,89.17933701247239
50,5,0.05,0.0,6,1.0,1.0,183.56655684539027,0.7929761780747737,1,61103.097286462544,92.97498286555492
1000,3,0.05,0.0,1,1.0,1.0,35.584540894748216,0.9709230545715101,0,61104.96475300173,94.84244940474309
40,5,0.05,10.0,1,0.8,1.0,43.6226708694907,0.9483425335763023,1,61105.60668402972,95.484380432732
50,5,0.05,1.0,6,0.8,1.0,19.787173020668554,0.9983201708003179,1,61107.15013053894,97.02782694195048
100,5,0.05,10.0,8,1.0,1.0,28.139780079897815,0.9929591266054069,1,61109.394007922914,99.27170432592538
40,5,0.05,0.0,1,0.8,1.0,15.404217060828046,0.9883243566621606,1,61109.60337357314,99.48106997615105
40,5,0.05,1.0,1,1.0,1.0,95.8300104483408,0.8446861541581637,1,61112.565539362935,102.44323576594616
50,5,0.05,1.0,6,0.6,1.0,0.09706253809088257,0.9645366203820126,1,61112.83674580352,102.71444220653211
40,5,0.05,10.0,1,0.6,1.0,114.85299064002561,0.923278899686389,1,61116.45539197985,106.3330883828603
100,5,0.05,0.0,8,1.0,1.0,133.35961937468429,0.9635811780875233,1,61125.407262578614,115.2849589816251
100,5,0.05,1.0,10,1.0,1.0,44.55813078832498,0.8925167866286251,1,61126.2107122443,116.08840864730882
40,5,0.05,1.0,1,0.6,1.0,4.183501693879483,0.9633818118664489,1,61126.82379070128,116.70148710429203
100,5,0.05,10.0,6,1.0,1.0,106.19361993935806,0.9960582072641023,1,61127.342989010045,117.22068541305634
500,3,0.1,0.0,1,1.0,1.0,1.719984977070175,0.8315905512646063,0,61131.84304383147,121.72074023447931
100,5,0.05,1.0,8,1.0,1.0,3.860536437178634,0.9830193148543442,1,61133.97058343514,123.84827983815194
40,5,0.05,0.0,1,0.6,1.0,79.49848083832714,0.9512537265719118,1,61134.07582738973,123.95352379274118
100,5,0.05,0.0,6,1.0,1.0,45.02649794960786,0.9124493555498852,1,61138.47239196195,128.35008836496127
500,4,0.01,0.0,1,1.0,1.0,112.43850937951758,0.9027210796785177,0,61138.870537106,128.74823350900988
1000,4,0.005,0.0,1,1.0,1.0,6.165426251243571,0.9085686489295418,0,61141.89929939059,131.77699579360342
50,5,0.05,10.0,1,0.8,1.0,99.595914181816,0.9656648442191004,1,61146.670745746575,136.54844214958575
50,5,0.05,1.0,1,1.0,1.0,0.44371796626502563,0.8032907043472624,1,61151.24531767627,141.12301407928317
750,5,0.005,0.0,1,1.0,1.0,4.841505337869904,0.915080670982497,0,61152.46781215134,142.34550855435373
100,5,0.05,0.0,10,1.0,1.0,33.50302415275836,0.9675628683752889,1,61152.47947333728,142.35716974028765
50,5,0.05,0.0,1,0.8,1.0,25.229834339682768,0.8828474973650181,1,61152.699691227106,142.5773876301173
750,4,0.005,0.0,1,1.0,1.0,28.66910221000317,0.9874807392588301,0,61153.86603913582,143.74373553883197
100,5,0.05,0.0,10,0.8,1.0,259.1358568925832,0.7840441687396559,1,61160.0292145501,149.90691095311195
100,5,0.05,10.0,6,0.8,1.0,22.511040048412656,0.9887504845775186,1,61161.03131415331,150.90901055632276
50,5,0.05,10.0,1,1.0,1.0,8.32916550975719,0.9878005221517905,1,61165.35436048729,155.23205689030146
100,5,0.05,1.0,6,1.0,1.0,34.88446157757195,0.8935321738165499,1,61165.69322755864,155.57092396164808
100,5,0.05,1.0,10,0.8,1.0,26.40939038342761,0.9045933945574967,1,61166.54529728238,156.42299368538806
50,5,0.05,10.0,1,0.6,1.0,2.0503672800916926,0.9705875777229247,1,61169.9657404055,159.84343680851453
200,5,0.05,0.0,8,1.0,1.0,73.56906125270316,0.938818046845546,1,61177.11028514735,166.9879815503591
100,5,0.05,0.0,6,0.6,1.0,37.02675215062387,0.9397354227382481,1,61177.54267364643,167.42037004943995
50,5,0.05,1.0,1,0.6,1.0,60.5430769057948,0.9591714383392959,1,61178.57303728402,168.45073368703015
100,5,0.05,1.0,8,0.8,1.0,13.418186822537775,0.9281552678783898,1,61178.981362205595,168.85905860860657
100,5,0.05,0.0,10,0.6,1.0,20.033354592733343,0.7379950016134793,1,61181.74975112561,171.6274475286191
50,5,0.05,0.0,1,1.0,1.0,16.314544501104244,0.988371989981353,1,61181.991070216616,171.86876661962742
100,5,0.05,1.0,10,0.6,1.0,19.014558384224802,0.9662090317272083,1,61183.92870856126,173.80640496427077
100,5,0.05,0.0,8,0.6,1.0,30.669217460558055,0.9953026308223433,1,61186.94849390298,176.82619030599017
750,4,0.01,0.0,1,1.0,1.0,8.149880064467368,0.9176096705859866,0,61187.59740442527,177.47510082828376
100,5,0.05,0.0,8,0.8,1.0,10.207173919873345,0.9613372768632384,1,61192.804995225284,182.6826916282953
100,5,0.05,10.0,8,0.6,1.0,91.8677124409241,0.9892265492512287,1,61194.10080315889,183.97849956190475
100,5,0.05,1.0,8,0.6,1.0,91.17193529627701,0.7703789956974241,1,61204.271920781015,194.14961718402628
100,5,0.05,1.0,6,0.8,1.0,17.37083897770237,0.6616646190402824,1,61207.87693301425,197.75462941726437
100,5,0.05,10.0,8,0.8,1.0,105.57927086841228,0.699189805854943,1,61208.858191987914,198.73588839092554
750,3,0.1,0.0,1,1.0,1.0,236.6621051294994,0.9795515049152291,0,61213.480027359554,203.357723762565
1000,4,0.01,0.0,1,1.0,1.0,12.328032020777844,0.7439673404159634,0,61215.16682513364,205.04452153664897
100,5,0.05,1.0,6,0.6,1.0,180.33936012115504,0.8865415463430949,1,61215.76082646593,205.63852286893962
100,5,0.05,0.0,6,0.8,1.0,68.48248882218569,0.9051411088196,1,61221.16769185703,211.04538826004136
50,5,0.05,0.0,1,0.6,1.0,33.56318089285128,0.9498231287451793,1,61221.47490851487,211.35260491788358
200,5,0.05,0.0,10,1.0,1.0,14.178867056017413,0.9873976471022821,1,61226.45533425065,216.33303065365908
500,5,0.005,0.0,1,1.0,1.0,36.98461227935844,0.9927589770088459,0,61228.23386864252,218.1115650455322
100,5,0.05,10.0,6,0.6,1.0,93.3568026154036,0.9971476869109727,1,61232.89189060864,222.7695870116513
200,5,0.05,10.0,8,1.0,1.0,31.84940314881835,0.8208781868121148,1,61270.33067875994,260.2083751629543
200,5,0.05,1.0,10,0.8,1.0,36.3540128586435,0.9973827550698928,1,61281.13333421416,271.01103061717004
200,5,0.05,1.0,8,1.0,1.0,10.54557656900965,0.9677345154443464,1,61284.969212455726,274.84690885873715
200,5,0.05,1.0,10,1.0,1.0,106.00097461574127,0.8923387856908607,1,61287.001612475695,276.87930887870607
200,5,0.05,1.0,6,1.0,1.0,26.209661506336996,0.8384988737080349,1,61293.74748420253,283.6251806055443
200,5,0.05,0.0,10,0.8,1.0,5.41887176382308,0.9990063609622791,1,61295.598336234594,285.4760326376054
500,5,0.01,0.0,1,1.0,1.0,26.424145150033645,0.7040683831094867,0,61300.05545255009,289.9331489531032
200,5,0.05,0.0,6,0.8,1.0,32.63183663625799,0.932904464251299,1,61300.97658258263,290.85427898564376
200,5,0.05,0.0,6,1.0,1.0,5.91764537734919,0.9803042013702343,1,61303.06435162576,292.94204802877357
200,5,0.05,1.0,8,0.8,1.0,156.23574247518977,0.9488171028202542,1,61304.94685268568,294.8245490886911
1000,3,0.1,0.0,1,1.0,1.0,37.910584674049645,0.9592381328999631,0,61307.65822612802,297.53592253103125
100,5,0.05,0.0,1,1.0,1.0,25.673006748103315,0.9870633452401129,1,61312.3460531876,302.22374959060835
1000,5,0.005,0.0,1,1.0,1.0,37.2751877884027,0.9687956631138316,0,61314.410400843044,304.28809724605526
200,5,0.05,10.0,6,0.8,1.0,140.6753031237617,0.9883814344088774,1,61315.692524676924,305.57022107993544
200,5,0.05,10.0,8,0.8,1.0,17.227211247023924,0.9374623134662087,1,61320.501726962284,310.3794233652952
100,5,0.05,1.0,1,0.6,1.0,64.30940953017529,0.9696415733717613,1,61326.03004859931,315.9077450023178
200,5,0.05,10.0,6,1.0,1.0,12.451572151382674,0.9678391065076893,1,61347.8465975143,337.7242939173084
200,5,0.05,0.0,10,0.6,1.0,138.54102050663656,0.9851857717866338,1,61348.6295749783,338.50727138131333
200,5,0.05,0.0,8,0.6,1.0,14.7234608591522,0.8718575755645582,1,61351.342872462665,341.2205688656759
200,5,0.05,0.0,8,0.8,1.0,41.03353150441515,0.8839369702527907,1,61354.87852704011,344.7562234431243
200,5,0.05,1.0,10,0.6,1.0,16.395534964942797,0.8992152971761693,1,61362.85244668934,352.7301430923544
100,5,0.05,1.0,1,1.0,1.0,0.043397718922879934,0.7739050693047279,1,61371.331592946975,361.20928934998665
200,5,0.05,10.0,6,0.6,1.0,47.23134172561059,0.9173753876492571,1,61388.3302321175,378.2079285205109
200,5,0.05,1.0,8,0.6,1.0,160.19306079529244,0.6281257601343334,1,61394.75971162498,384.63740802799293
200,5,0.05,10.0,8,0.6,1.0,45.16127321988876,0.9818633845304177,1,61397.11294648936,386.9906428923714
200,5,0.05,1.0,6,0.6,1.0,12.057515786703824,0.8488168707452723,1,61404.42605210152,394.3037485045279
200,5,0.05,0.0,6,0.6,1.0,42.529944954269375,0.9610217811730135,1,61415.35607753189,405.2337739349023
200,5,0.05,1.0,6,0.8,1.0,6.857169457542957,0.9178583169553632,1,61416.5542151633,406.4319115663093
500,4,0.05,0.0,1,1.0,1.0,45.71619138195596,0.9608403029762461,0,61439.99903602042,429.8767324234286
100,5,0.05,0.0,1,0.8,1.0,25.408780268489878,0.9669438106758932,1,61445.90062609638,435.7783224993909
100,5,0.05,1.0,1,0.8,1.0,16.166722739784955,0.9268498855290452,1,61465.02669527773,454.90439168074226
100,5,0.05,0.0,1,0.6,1.0,11.920330347332944,0.8550822032271455,1,61475.898222267395,465.7759186704061
100,5,0.05,10.0,1,1.0,1.0,137.41622636386901,0.8918317989504237,1,61493.35111738134,483.22881378434977
750,5,0.01,0.0,1,1.0,1.0,31.097560957389227,0.8891606108157332,0,61501.54581078096,491.4235071839721
500,5,0.05,0.0,8,1.0,1.0,28.453892666153546,0.8684830502958435,1,61522.84557708106,512.7232734840727
500,6,0.005,0.0,1,1.0,1.0,79.72915169225115,0.8824410715378109,0,61522.897299578945,512.7749959819557
100,5,0.05,10.0,1,0.6,1.0,123.233494544763,0.8399495851919278,1,61529.43654052213,519.3142369251436
500,5,0.05,1.0,8,1.0,1.0,14.289030636081238,0.8178774157953851,1,61546.79466601609,536.6723624191
200,5,0.05,0.0,1,0.8,1.0,75.52014707703322,0.8247794004780707,1,61547.478328253965,537.3560246569759
500,5,0.05,0.0,10,0.8,1.0,17.678275852025866,0.8986123301917049,1,61560.94768751344,550.8253839164536
1000,5,0.01,0.0,1,1.0,1.0,33.67479531074723,0.9792652631674008,0,61577.108549465804,566.9862458688149
100,5,0.05,10.0,1,0.8,1.0,102.09003191584517,0.9538955990656617,1,61585.95479745732,575.8324938603328
500,5,0.05,1.0,6,1.0,1.0,53.55279904847375,0.9343366883122091,1,61601.64838666073,591.5260830637417
500,5,0.05,0.0,10,1.0,1.0,57.40742832529406,0.9281003142084524,1,61619.10340123304,608.9810976360532
500,3,0.3,0.0,1,1.0,1.0,20.355797039770394,0.9002484873469816,0,61643.84765850247,633.7253549054803
500,5,0.05,10.0,8,1.0,1.0,117.79701918146887,0.9394625239516302,1,61645.891213653566,635.7689100565767
500,5,0.05,10.0,6,1.0,1.0,81.06640047185478,0.9893829492098922,1,61653.18053593796,643.058232340969
500,5,0.05,1.0,10,0.8,1.0,80.63532792847272,0.9550603091835216,1,61660.25888385255,650.1365802555592
500,5,0.05,1.0,8,0.8,1.0,196.88180184202452,0.9748799444492658,1,61686.36957039797,676.2472668009796
500,5,0.05,0.0,8,0.8,1.0,1.666210854872012,0.9216748984865617,1,61688.53677841025,678.4144748132603
500,5,0.05,10.0,8,0.8,1.0,19.419609611237497,0.8628904537872221,1,61696.29917472117,686.1768711241821
200,5,0.05,0.0,1,1.0,1.0,48.59881935690208,0.8450091454063425,1,61706.41830031498,696.2959967179922
500,5,0.05,1.0,10,0.6,1.0,40.85971893187852,0.8898191521574127,1,61714.25950899713,704.1372054001404
500,5,0.05,0.0,6,1.0,1.0,33.020263031309184,0.8002756622911332,1,61722.07167358005,711.9493699830637
750,4,0.05,0.0,1,1.0,1.0,12.43494440601757,0.9586423293800573,0,61723.410537479525,713.2882338825366
500,5,0.05,0.0,8,0.6,1.0,49.545079078688026,0.9388429130238122,1,61753.36651627202,743.244212675032
1000,4,0.05,0.0,1,1.0,1.0,15.915792425075992,0.9740841904140608,0,61754.7973355997,744.6750320027131
500,5,0.05,1.0,6,0.8,1.0,109.01232938222792,0.8710403566932667,1,61764.69541219341,754.5731085964217
200,5,0.05,10.0,1,1.0,1.0,24.22135329061212,0.8788224708158915,1,61770.21147669272,760.0891730957301
500,5,0.05,10.0,8,0.6,1.0,26.500631336452514,0.6007891430801001,1,61773.73428576993,763.6119821729444
500,5,0.05,10.0,6,0.8,1.0,36.591837494087095,0.7940326618867481,1,61778.93154701161,768.8092434146238
500,5,0.05,0.0,6,0.8,1.0,34.19314800900724,0.9962705110643201,1,61788.909628182606,778.7873245856172
500,5,0.05,0.0,10,0.6,1.0,1.5353646063998987,0.9034093138077745,1,61792.605219150144,782.4829155531552
500,5,0.05,1.0,8,0.6,1.0,19.697988247895214,0.8565652710724032,1,61806.478147499816,796.3558439028275
200,5,0.05,0.0,1,0.6,1.0,50.1153978015057,0.9895470635809117,1,61824.343006307114,814.2207027101249
500,5,0.05,1.0,6,0.6,1.0,152.57336462680857,0.8934659643835748,1,61846.554798536265,836.4324949392758
500,6,0.01,0.0,1,1.0,1.0,47.44377918453172,0.9033704268356847,0,61853.03415574,842.9118521430137
200,5,0.05,1.0,1,1.0,1.0,20.658313021808677,0.8077382752745325,1,61888.32020160276,878.1978980057684
500,5,0.05,10.0,6,0.6,1.0,4.647059211777649,0.9820853933693938,1,61889.69527976733,879.5729761703406
1000,5,0.05,0.0,10,0.8,1.0,100.1435107428898,0.8875875146684329,1,61912.234051250576,902.1117476535874
750,6,0.005,0.0,1,1.0,1.0,120.85286630888686,0.9799489297148842,0,61923.40013079369,913.2778271967036
200,5,0.05,10.0,1,0.6,1.0,39.72212335625569,0.7320503288767553,1,61943.08157829559,932.9592746986018
500,4,0.1,0.0,1,1.0,1.0,36.82010557841803,0.9407662755935232,0,61969.1355636423,959.0132600453144
1000,5,0.05,1.0,8,0.8,1.0,2.412390721281396,0.9787387839942249,1,62018.57715505018,1008.4548514531925
1000,5,0.05,0.0,10,1.0,1.0,192.47730813199018,0.9769638359899343,1,62028.166181840075,1018.0438782430865
1000,5,0.05,0.0,6,1.0,1.0,60.71697435089265,0.6437078689548456,1,62051.60185179612,1041.4795481991314
1000,5,0.05,1.0,10,0.8,1.0,25.06060476733687,0.9786686262311772,1,62110.82223830338,1100.6999347063902
1000,6,0.005,0.0,1,1.0,1.0,8.685793262773817,0.9383850855165504,0,62127.96032446792,1117.8380208709277
1000,5,0.05,0.0,8,0.8,1.0,47.96553331242929,0.9753140176556931,1,62158.51280085371,1148.390497256718
200,5,0.05,1.0,1,0.6,1.0,37.35268673982819,0.9329524755840982,1,62165.94577052785,1155.8234669308586
200,5,0.05,10.0,1,0.8,1.0,8.157806114257138,0.921208870449132,1,62181.59284349914,1171.4705399021477
200,5,0.05,1.0,1,0.8,1.0,102.51816984517528,0.7804822097337254,1,62184.72613276545,1174.60382916846
1000,5,0.05,10.0,6,0.8,1.0,85.08096963953675,0.7556426396068882,1,62188.741111944444,1178.6188083474553
1000,5,0.05,0.0,8,1.0,1.0,21.084100975503404,0.716226728943727,1,62196.3236285383,1186.201324941314
1000,5,0.05,1.0,8,1.0,1.0,129.7160479579778,0.9961099828374113,1,62207.27341053556,1197.1511069385742
1000,5,0.05,10.0,8,0.8,1.0,24.81683027808562,0.9621677835547209,1,62214.60172537082,1204.4794217738308
1000,5,0.05,1.0,6,0.8,1.0,9.404212637855366,0.9442299305372769,1,62216.03122402545,1205.908920428461
1000,5,0.05,0.0,6,0.8,1.0,30.00030707363464,0.9795009662109808,1,62217.70096852203,1207.578664925044
1000,5,0.05,0.0,10,0.6,1.0,28.91674417310143,0.8927268723098927,1,62218.758464825,1208.6361612280089
1000,5,0.05,1.0,8,0.6,1.0,91.65213437157989,0.9796597117873813,1,62271.186487062674,1261.0641834656853
1000,5,0.05,1.0,10,0.6,1.0,22.212852746857436,0.8080129541596509,1,62279.02982006498,1268.907516467989
1000,5,0.05,10.0,6,1.0,1.0,28.4394235809453,0.8515219950196591,1,62314.734946471144,1304.6126428741554
1000,5,0.05,1.0,6,1.0,1.0,106.0002984489272,0.9165934845535684,1,62341.58003051791,1331.4577269209185
1000,5,0.05,0.0,8,0.6,1.0,3.6420301684685934,0.9910781238209482,1,62362.44804781856,1352.325744221569
1000,6,0.01,0.0,1,1.0,1.0,13.593513014038846,0.9984678947381714,0,62380.41039911209,1370.2880955150977
750,6,0.01,0.0,1,1.0,1.0,72.81368732148026,0.7339729436383713,0,62399.966747880484,1389.8444442834952
1000,5,0.05,1.0,6,0.6,1.0,9.578019530713897,0.9960247414875671,1,62405.89621490464,1395.7739113076532
1000,5,0.05,10.0,8,0.6,1.0,46.95805503078401,0.9989590618457967,1,62425.4326602742,1415.3103566772115
1000,5,0.05,0.0,6,0.6,1.0,24.66756817327238,0.8416987810608949,1,62426.81741840593,1416.695114808943
500,5,0.05,0.0,1,1.0,1.0,55.5556107492758,0.9388730587523467,0,62459.83367977453,1449.71137617754
1000,3,0.3,0.0,1,1.0,1.0,73.89321706635201,0.9110252485948589,0,62493.86553276315,1483.7432291661607
1000,5,0.05,10.0,6,0.6,1.0,107.13666062756617,0.9946259232545801,1,62523.92052977048,1513.7982261734942
1000,4,0.1,0.0,1,1.0,1.0,0.20006777071985274,0.9733545606818527,0,62589.08013291115,1578.9578293141603
500,5,0.05,0.0,1,1.0,1.0,2.7085392713455216,0.9936552838854965,1,62913.53755870424,1903.4152551072548
500,5,0.05,10.0,1,1.0,1.0,6.4221438968216855,0.9436640458565357,1,63008.18002979447,1998.0577261974831
750,3,0.3,0.0,1,1.0,1.0,9.350067510978711,0.9248547389007965,0,63013.4561928483,2003.333889251313
500,5,0.05,1.0,1,1.0,1.0,90.79003046692915,0.8551747097087656,1,63158.918142198585,2148.795838601596
500,5,0.05,0.0,1,0.6,1.0,65.47472314303964,0.9412355127136768,1,63180.78989015847,2170.6675865614816
750,5,0.05,0.0,1,1.0,1.0,20.118863917744246,0.9297823135449331,0,63181.322959805686,2171.200656208697
750,10,0.005,0.0,1,1.0,1.0,101.89432286085045,0.9612458740277859,0,63444.31485461235,2434.1925510153596
750,4,0.1,0.0,1,1.0,1.0,36.40957454514369,0.9954066656046481,0,63476.60999916057,2466.4876955635846
1000,5,0.05,0.0,1,1.0,1.0,25.790534629089805,0.9565846759206185,0,63781.589422131474,2771.467118534485
500,5,0.05,1.0,1,0.8,1.0,60.698414529564396,0.9274298039483649,1,63811.84501237285,2801.7227087758583
1000,10,0.01,0.0,1,1.0,1.0,15.874976605358038,0.9658114448116297,0,63952.33469882694,2942.2123952299517
1000,5,0.05,10.0,1,1.0,1.0,15.273441173911065,0.8932190864951512,1,63961.090357455105,2950.968053858116
1000,5,0.05,0.0,1,1.0,1.0,30.999365876084738,0.8405862195742426,1,64033.88925031609,3023.766946719101
500,10,0.005,0.0,1,1.0,1.0,44.403277525914085,0.9623921636490652,0,64037.79852605659,3027.6762224596023
500,5,0.05,10.0,1,0.6,1.0,55.37343157994762,0.9227440935250636,1,64268.971499863255,3258.8491962662665
500,5,0.1,0.0,1,1.0,1.0,95.04811390785302,0.9862172963525487,0,64306.01265212723,3295.8903485302435
1000,10,0.005,0.0,1,1.0,1.0,37.62372121546926,0.9577973822137653,0,64471.22931400426,3461.1070104072714
500,5,0.05,1.0,1,0.6,1.0,40.27357236378026,0.9372904510741399,1,64480.06306113415,3469.940757537159
1000,5,0.05,1.0,1,1.0,1.0,83.61724529658817,0.8113683333680269,1,64601.608847080715,3591.4865434837266
500,6,0.05,0.0,1,1.0,1.0,31.389599921022597,0.9185157465293621,0,64760.49888414992,3750.376580552933
500,5,0.05,10.0,1,0.8,1.0,27.35864971894561,0.8962212958746454,1,64822.65511557267,3812.5328119756814
1000,5,0.05,10.0,1,0.8,1.0,45.56240456074179,0.9464188742107347,1,64842.28348352235,3832.1611799253587
750,5,0.1,0.0,1,1.0,1.0,1.502318600899236,0.9469839794962027,0,64847.6784308968,3837.5561272998093
500,4,0.3,0.0,1,1.0,1.0,86.72417872453163,0.952253859405752,0,64979.54924230886,3969.4269387118693
500,10,0.01,0.0,1,1.0,1.0,50.023459022392615,0.9953432498481519,0,65184.44209763629,4174.3197940393
1000,5,0.05,1.0,1,0.8,1.0,51.595766165091604,0.9418151393051588,1,65465.797201289904,4455.674897692916
1000,5,0.05,0.0,1,0.8,1.0,40.05268530331617,0.9993337473171641,1,65732.26938425587,4722.147080658877
500,6,0.1,0.0,1,1.0,1.0,53.815656336814314,0.9534957688558482,0,65913.7239754778,4903.60167188081
1000,5,0.1,0.0,1,1.0,1.0,52.023673784475086,0.8778084089303352,0,65979.5736832691,4969.451379672115
750,10,0.01,0.0,1,1.0,1.0,3.6749676873887784,0.8835688170712271,0,66048.16286402919,5038.0405604322
1000,6,0.05,0.0,1,1.0,1.0,29.536791747454316,0.9962092975844862,0,66275.66761639915,5265.545312802162
1000,5,0.05,10.0,1,0.6,1.0,83.04491948312833,0.8613414471556257,1,66753.99504468348,5743.872741086496
750,6,0.05,0.0,1,1.0,1.0,15.069014335487049,0.9527214927763471,0,66903.65390947698,5893.5316058799945
1000,5,0.05,1.0,1,0.6,1.0,9.171116961037937,0.9974097412320881,1,67009.7313583258,5999.609054728804
1000,5,0.05,0.0,1,0.6,1.0,26.34354078743349,0.6998781798004771,1,67240.31285904766,6230.190555450667
1000,4,0.3,0.0,1,1.0,1.0,60.46880127664296,0.7594232688243414,0,67286.16676143277,6276.044457835786
1000,6,0.1,0.0,1,1.0,1.0,69.51635596613879,0.9525670503670102,0,68007.56193879941,6997.43963520242
500,10,0.05,0.0,1,1.0,1.0,134.26353418992255,0.8808395545395655,0,68661.83245302,7651.7101494230155
750,10,0.05,0.0,1,1.0,1.0,13.580707492616595,0.9627681994859462,0,68713.5109463919,7703.388642794918
500,5,0.3,0.0,1,1.0,1.0,28.492100023127836,0.9725187629544592,0,68839.45417792964,7829.331874332653
750,4,0.3,0.0,1,1.0,1.0,59.9702080246895,0.9361437347103849,0,68885.96403940249,7875.841735805501
750,6,0.1,0.0,1,1.0,1.0,118.15659659116153,0.921731067114954,0,68951.66073762676,7941.538434029775
1000,10,0.05,0.0,1,1.0,1.0,25.379509510582253,0.894164954532406,0,69328.77995602586,8318.657652428868
500,10,0.1,0.0,1,1.0,1.0,56.548416471600895,0.8805201620659973,0,70362.67821020221,9352.555906605223
1000,10,0.1,0.0,1,1.0,1.0,22.9961403877973,0.970472839230051,0,70819.82771585896,9809.705412261974
750,10,0.1,0.0,1,1.0,1.0,71.56175461269494,0.8911319830174066,0,70955.44160188464,9945.31929828765
750,5,0.3,0.0,1,1.0,1.0,21.89607764872263,0.9506841769103995,0,71059.8298500938,10049.707546496807
1000,5,0.3,0.0,1,1.0,1.0,50.496923025977495,0.9439319278037929,0,71868.97852579781,10858.856222200819
500,6,0.3,0.0,1,1.0,1.0,59.96040793404921,0.9439127276987307,0,73998.98251337063,12988.860209773644
1000,6,0.3,0.0,1,1.0,1.0,52.59225540318773,0.979803284388484,0,74897.57622023879,13887.453916641796
500,10,0.3,0.0,1,1.0,1.0,65.5862063453064,0.6070297424001881,0,75695.51103112285,14685.38872752586
750,6,0.3,0.0,1,1.0,1.0,1.7050086534457511,0.8898216288534184,0,75953.37034550415,14943.248041907165
1000,10,0.3,0.0,1,1.0,1.0,29.14186142614048,0.9263531348240398,0,76780.71554989208,15770.593246295088
750,10,0.3,0.0,1,1.0,1.0,12.893265433240881,0.9867328591415087,0,77163.36641349019,16153.244109893203
